Workbook
Name SegmentaciónDeDatos_DIAS_RETRASO: #N/A
Name SegmentaciónDeDatos_DIAS_RETRASO1: #N/A
Name SegmentaciónDeDatos_DIAS_RETRASO2: #N/A
Name SegmentaciónDeDatos_DIAS_RETRASO3: #N/A
Name SegmentaciónDeDatos_DIAS_RETRASO4: #N/A
Name SegmentaciónDeDatos_DIAS_SIN_MOVIMIENTO: #N/A
Name SegmentaciónDeDatos_DIAS_SIN_MOVIMIENTO1: #N/A
Name SegmentaciónDeDatos_DIAS_SIN_MOVIMIENTO11: #N/A
Name SegmentaciónDeDatos_DIAS_SIN_MOVIMIENTO111: #N/A
Name SegmentaciónDeDatos_DIAS_SIN_MOVIMIENTO1111: #N/A
Name SegmentaciónDeDatos_ELÉCTRICO: #N/A
Name SegmentaciónDeDatos_SANITARIO: #N/A
Name SegmentaciónDeDatos_TIPO: #N/A
Name SegmentaciónDeDatos_TIPO1: #N/A
Name SegmentaciónDeDatos_TIPO11: #N/A
Name SegmentaciónDeDatos_TIPO111: #N/A
Name SegmentaciónDeDatos_TIPO1111: #N/A
Name SegmentaciónDeDatos_TORRE: #N/A
Name SegmentaciónDeDatos_TORRE1: #N/A
Name SegmentaciónDeDatos_TORRE11: #N/A
Name SegmentaciónDeDatos_TORRE111: #N/A
Name SegmentaciónDeDatos_TORRE1111: #N/A

Sheet BD_AVANCE
A1: TORRE | B1: N° MÓDULO | C1: N° SERIE | D1: TIPO | E1: % AVANCE | F1: FECHA INICIO TEORICO | G1: FECHA INICIO REAL | H1: FECHA ULTIMO REGISTRO | I1: FECHA TERMINO PLANIFICADO | J1: DIAS SIN MOVIMIENTO | K1: FECHA TERMINO | L1: APORTE OBRA GRUESA | M1: OBRA GRUESA | N1: PISO | O1: TABIQUES | P1: MUROS | Q1: CIELO | R1: BALCÓN | S1: APORTE SANITARIO | T1: SANITARIO | U1: RED ALCANTARILLADO | V1: RED DE AGUA | W1: VENTILACIONES | X1: TINA | Y1: WC | Z1: LAVAMANOS / LAVAPLATOS / LAVADERO | AA1: APORTE ELÉCTRICO | AB1: ELÉCTRICO | AC1: CANALIZACIÓN | AD1: CABLEADO | AE1: ARTEFACTOS | AF1: TABLERO | AG1: CAJA PAU | AH1: APORTE TERMINACIONES | AI1: TERMINACIONES | AJ1: INSTALACION VINILICO | AK1: OSB CUBIERTA | AL1: BARANDA BALCON | AM1: OSB EXTERIOR | AN1: SMART PANEL | AO1: PINTURA EXTERIOR | AP1: ZOCALOS LOGIA | AQ1: MOLDURAS | AR1: PILASTREO | AS1: CELOSIAS | AT1: VENTANAS | AU1: PUERTAS ACCESO - LOGIA - BANO | AV1: CERRADURAS | AW1: REVESTIMIENTO INTERIOR ZONA SECA | AX1: REVESTIMIENTO INTERIOR ZONAS HUMEDAS | AY1: MEMBRANA CIELO | AZ1: LIMPIEZA FINAL | BA1: PUERTAS DORMITORIO | BB1: REVESTIMIENTO INTERIOR BANO | BC1: MUEBLE LAVAPLATOS | BD1: IMPERMEABILIZACION BANO - COCINA LOGIA | BE1: METROS CUADRADOS | BF1: ESTADO MODULO | BG1: VENTANAS2 | BH1: PISO2 | BI1: TABIQUES2 | BJ1: MUROS2 | BK1: CIELO2 | BL1: BALCÓN2 | BM1: RED ALCANTARILLADO2 | BN1: RED DE AGUA2 | BO1: VENTILACIONES2 | BP1: TINA2 | BQ1: WC2 | BR1: LAVAMANOS / LAVAPLATOS / LAVADERO2 | BS1: CANALIZACIÓN2 | BT1: CABLEADO2 | BU1: ARTEFACTOS2 | BV1: TABLERO2 | BW1: CAJA PAU2 | BX1: INSTALACION VINILICO2 | BY1: OSB CUBIERTA3 | BZ1: BARANDA BALCON4 | CA1: OSB EXTERIOR5 | CB1: SMART PANEL6 | CC1: PINTURA EXTERIOR7 | CD1: ZOCALOS LOGIA8 | CE1: MOLDURAS9 | CF1: PILASTREO10 | CG1: CELOSIAS11 | CH1: VENTANAS12 | CI1: PUERTAS ACCESO - LOGIA - BANO13 | CJ1: CERRADURAS14 | CK1: REVESTIMIENTO INTERIOR ZONA SECA15 | CL1: REVESTIMIENTO INTERIOR ZONAS HUMEDAS16 | CM1: MEMBRANA CIELO17 | CN1: LIMPIEZA FINAL18 | CO1: PUERTAS DORMITORIO19 | CP1: REVESTIMIENTO INTERIOR BANO20 | CQ1: MUEBLE LAVAPLATOS21 | CR1: IMPERMEABILIZACION BANO - COCINA LOGIA22 | CS1: DIAS RETRASO | CT1: PARTIDAS PENDIENTES POR CATEGORÍA | CU1: CATEGORÍAS PENDIENTES | CV1: N° PENDIENTES
A2: TORRE 01 | B2: M-00001 | C2: 2282600001 | D2: SECO | E2: 1 | F2: 46097 | G2: 46097 | H2: 46153 | I2: 46140 | K2: 46153 | L2: 0.43 | M2: 1 | N2: 0.27906977 | O2: 0.18604651 | P2: 0.25581395 | Q2: 0.18604651 | R2: 0.093023256 | S2: 0.09 | T2: 1 | U2: 0.22222222 | V2: 0.22222222 | W2: 0.11111111 | X2: 0.11111111 | Y2: 0.11111111 | Z2: 0.22222222 | AA2: 0.11 | AB2: 1 | AC2: 0.27272727 | AD2: 0.27272727 | AE2: 0.090909091 | AF2: 0.18181818 | AG2: 0.18181818 | AH2: 0.37 | AI2: 1 | AJ2: 0.054054054 | AK2: 0.054054054 | AL2: 0.027027027 | AM2: 0.081081081 | AN2: 0.081081081 | AO2: 0.067567568 | AP2: 0.054054054 | AQ2: 0.013513514 | AR2: 0.040540541 | AS2: 0.013513514 | AT2: 0.081081081 | AU2: 0.054054054 | AV2: 0.027027027 | AW2: 0.054054054 | AX2: 0.054054054 | AY2: 0.027027027 | AZ2: 0.040540541 | BA2: 0.054054054 | BB2: 0.081081081 | BC2: 0.013513514 | BD2: 0.027027027 | BE2: 28.87 | BF2: =+IF(AVANCE[[#This Row],[% AVANCE]]=100%,"MODULO TERMINADO",IF(AVANCE[[#This Row],[FECHA INICIO REAL]]="","MODULO NO INICIADO","PENDIENTE")) -> MODULO TERMINADO | BG2: =+IF(AVANCE[[#This Row],[VENTANAS]]=8.10810810810811%,100%,AVANCE[[#This Row],[VENTANAS]]) -> 1 | BH2: =+IF(AVANCE[[#This Row],[PISO]]=N$2,100%,AVANCE[[#This Row],[PISO]]) -> 1 | BI2: =+IF(AVANCE[[#This Row],[TABIQUES]]=O$2,100%,AVANCE[[#This Row],[TABIQUES]]) -> 1 | BJ2: =+IF(AVANCE[[#This Row],[MUROS]]=P$2,100%,AVANCE[[#This Row],[MUROS]]) -> 1 | BK2: =+IF(AVANCE[[#This Row],[CIELO]]=Q$2,100%,AVANCE[[#This Row],[CIELO]]) -> 1 | BL2: =+IF(AVANCE[[#This Row],[BALCÓN]]=R$2,100%,AVANCE[[#This Row],[BALCÓN]]) -> 1 | BM2: =+IF(AVANCE[[#This Row],[RED ALCANTARILLADO]]=U$2,100%,AVANCE[[#This Row],[RED ALCANTARILLADO]]) -> 1 | BN2: =+IF(AVANCE[[#This Row],[RED DE AGUA]]=V$2,100%,AVANCE[[#This Row],[RED DE AGUA]]) -> 1 | BO2: =+IF(AVANCE[[#This Row],[VENTILACIONES]]=W$2,100%,AVANCE[[#This Row],[VENTILACIONES]]) -> 1 | BP2: =+IF(AVANCE[[#This Row],[TINA]]=X$2,100%,AVANCE[[#This Row],[TINA]]) -> 1 | BQ2: =+IF(AVANCE[[#This Row],[WC]]=Y$2,100%,AVANCE[[#This Row],[WC]]) -> 1 | BR2: =+IF(AVANCE[[#This Row],[LAVAMANOS / LAVAPLATOS / LAVADERO]]=Z$2,100%,AVANCE[[#This Row],[LAVAMANOS / LAVAPLATOS / LAVADERO]]) -> 1 | BS2: =+IF(AVANCE[[#This Row],[CANALIZACIÓN]]=AC$2,100%,AVANCE[[#This Row],[CANALIZACIÓN]]) -> 1 | BT2: =+IF(AVANCE[[#This Row],[CABLEADO]]=AD$2,100%,AVANCE[[#This Row],[CABLEADO]]) -> 1 | BU2: =+IF(AVANCE[[#This Row],[ARTEFACTOS]]=AE$2,100%,AVANCE[[#This Row],[ARTEFACTOS]]) -> 1 | BV2: =+IF(AVANCE[[#This Row],[TABLERO]]=AF$2,100%,AVANCE[[#This Row],[TABLERO]]) -> 1 | BW2: =+IF(AVANCE[[#This Row],[CAJA PAU]]=AG$2,100%,AVANCE[[#This Row],[CAJA PAU]]) -> 1 | BX2: =+IF(AVANCE[[#This Row],[INSTALACION VINILICO]]=AJ$2,100%,AVANCE[[#This Row],[INSTALACION VINILICO]]) -> 1 | BY2: =+IF(AVANCE[[#This Row],[OSB CUBIERTA]]=AK$2,100%,AVANCE[[#This Row],[OSB CUBIERTA]]) -> 1 | BZ2: =+IF(AVANCE[[#This Row],[BARANDA BALCON]]=AL$2,100%,AVANCE[[#This Row],[BARANDA BALCON]]) -> 1 | CA2: =+IF(AVANCE[[#This Row],[OSB EXTERIOR]]=AM$2,100%,AVANCE[[#This Row],[OSB EXTERIOR]]) -> 1 | CB2: =+IF(AVANCE[[#This Row],[SMART PANEL]]=AN$2,100%,AVANCE[[#This Row],[SMART PANEL]]) -> 1 | CC2: =+IF(AVANCE[[#This Row],[PINTURA EXTERIOR]]=AO$2,100%,AVANCE[[#This Row],[PINTURA EXTERIOR]]) -> 1 | CD2: =+IF(AVANCE[[#This Row],[ZOCALOS LOGIA]]=AP$2,100%,AVANCE[[#This Row],[ZOCALOS LOGIA]]) -> 1 | CE2: =+IF(AVANCE[[#This Row],[MOLDURAS]]=AQ$2,100%,AVANCE[[#This Row],[MOLDURAS]]) -> 1 | CF2: =+IF(AVANCE[[#This Row],[PILASTREO]]=AR$2,100%,AVANCE[[#This Row],[PILASTREO]]) -> 1 | CG2: =+IF(AVANCE[[#This Row],[CELOSIAS]]=AS$2,100%,AVANCE[[#This Row],[CELOSIAS]]) -> 1 | CH2: =+IF(AVANCE[[#This Row],[VENTANAS]]=AT$2,100%,AVANCE[[#This Row],[VENTANAS]]) -> 1 | CI2: =+IF(AVANCE[[#This Row],[PUERTAS ACCESO - LOGIA - BANO]]=AU$2,100%,AVANCE[[#This Row],[PUERTAS ACCESO - LOGIA - BANO]]) -> 1 | CJ2: =+IF(AVANCE[[#This Row],[CERRADURAS]]=AV$2,100%,AVANCE[[#This Row],[CERRADURAS]]) -> 1 | CK2: =+IF(AVANCE[[#This Row],[REVESTIMIENTO INTERIOR ZONA SECA]]=AW$2,100%,AVANCE[[#This Row],[REVESTIMIENTO INTERIOR ZONA SECA]]) -> 1 | CL2: =+IF(AVANCE[[#This Row],[REVESTIMIENTO INTERIOR ZONAS HUMEDAS]]=AX$2,100%,AVANCE[[#This Row],[REVESTIMIENTO INTERIOR ZONAS HUMEDAS]]) -> 1 | CM2: =+IF(AVANCE[[#This Row],[MEMBRANA CIELO]]=AY$2,100%,AVANCE[[#This Row],[MEMBRANA CIELO]]) -> 1 | CN2: =+IF(AVANCE[[#This Row],[LIMPIEZA FINAL]]=AZ$2,100%,AVANCE[[#This Row],[LIMPIEZA FINAL]]) -> 1 | CO2: =+IF(AVANCE[[#This Row],[PUERTAS DORMITORIO]]=BA$2,100%,AVANCE[[#This Row],[PUERTAS DORMITORIO]]) -> 1 | CP2: =+IF(AVANCE[[#This Row],[REVESTIMIENTO INTERIOR BANO]]=BB$2,100%,AVANCE[[#This Row],[REVESTIMIENTO INTERIOR BANO]]) -> 1 | CQ2: =+IF(AVANCE[[#This Row],[MUEBLE LAVAPLATOS]]=BC$2,100%,AVANCE[[#This Row],[MUEBLE LAVAPLATOS]]) -> 1 | CR2: =+IF(AVANCE[[#This Row],[IMPERMEABILIZACION BANO - COCINA LOGIA]]=BD$2,100%,AVANCE[[#This Row],[IMPERMEABILIZACION BANO - COCINA LOGIA]]) -> 1 | CS2: =+IF(AVANCE[[#This Row],[ESTADO MODULO]]="PENDIENTE",(TODAY()-AVANCE[[#This Row],[FECHA TERMINO PLANIFICADO]]),0) -> 0 | CT2: {=_xlfn.TEXTJOIN(" | ",TRUE,IF(SUMPRODUCT((BG2:CR2<1)*(PARTIDAS!$I$2:$AT$2="OBRA GRUESA"))>0,"OBRA GRUESA: "&_xlfn.TEXTJOIN(", ",TRUE,IF((BG2:CR2<1)*(PARTIDAS!$I$2:$AT$2="OBRA GRUESA"),PARTIDAS!$I$1:$AT$1,"")),""),IF(SUMPRODUCT((BG2:CR2<1)*(PARTIDAS!$I$2:$AT$2="SANITARIOS"))>0,"SANITARIOS: "&_xlfn.TEXTJOIN(", ",TRUE,IF((BG2:CR2<1)*(PARTIDAS!$I$2:$AT$2="SANITARIOS"),PARTIDAS!$I$1:$AT$1,"")),""),IF(SUMPRODUCT((BG2:CR2<1)*(PARTIDAS!$I$2:$AT$2="ELÉCTRICO"))>0,"ELÉCTRICO: "&_xlfn.TEXTJOIN(", ",TRUE,IF((BG2:CR2<1)*(PARTIDAS!$I$2:$AT$2="ELÉCTRICO"),PARTIDAS!$I$1:$AT$1,"")),""),IF(SUMPRODUCT((BG2:CR2<1)*(PARTIDAS!$I$2:$AT$2="TERMINACIONES"))>0,"TERMINACIONES: "&_xlfn.TEXTJOIN(", ",TRUE,IF((BG2:CR2<1)*(PARTIDAS!$I$2:$AT$2="TERMINACIONES"),PARTIDAS!$I$1:$AT$1,"")),""))} | CU2: {=_xlfn.TEXTJOIN(", ",TRUE,IF(SUMPRODUCT((BG2:CR2<1)*(PARTIDAS!$I$2:$AT$2="OBRA GRUESA"))>0,"OBRA GRUESA",""),IF(SUMPRODUCT((BG2:CR2<1)*(PARTIDAS!$I$2:$AT$2="SANITARIOS"))>0,"SANITARIOS",""),IF(SUMPRODUCT((BG2:CR2<1)*(PARTIDAS!$I$2:$AT$2="ELÉCTRICO"))>0,"ELÉCTRICO",""),IF(SUMPRODUCT((BG2:CR2<1)*(PARTIDAS!$I$2:$AT$2="TERMINACIONES"))>0,"TERMINACIONES",""))} | CV2: {=SUMPRODUCT(--(BG2:CR2<1))} -> 0
A3: TORRE 01 | B3: M-00002 | C3: 2302600002 | D3: HUMEDO | E3: 1 | F3: 46100 | G3: 46100 | H3: 46156 | I3: 46140 | K3: 46156 | L3: 0.43 | M3: 1 | N3: 0.27906977 | O3: 0.18604651 | P3: 0.25581395 | Q3: 0.18604651 | R3: 0.093023256 | S3: 0.09 | T3: 1 | U3: 0.22222222 | V3: 0.22222222 | W3: 0.11111111 | X3: 0.11111111 | Y3: 0.11111111 | Z3: 0.22222222 | AA3: 0.11 | AB3: 1 | AC3: 0.27272727 | AD3: 0.27272727 | AE3: 0.090909091 | AF3: 0.18181818 | AG3: 0.18181818 | AH3: 0.37 | AI3: 1 | AJ3: 0.054054054 | AK3: 0.054054054 | AL3: 0.027027027 | AM3: 0.081081081 | AN3: 0.081081081 | AO3: 0.067567568 | AP3: 0.054054054 | AQ3: 0.013513514 | AR3: 0.040540541 | AS3: 0.013513514 | AT3: 0.081081081 | AU3: 0.054054054 | AV3: 0.027027027 | AW3: 0.054054054 | AX3: 0.054054054 | AY3: 0.027027027 | AZ3: 0.040540541 | BA3: 0.054054054 | BB3: 0.081081081 | BC3: 0.013513514 | BD3: 0.027027027 | BE3: 31.32 | BF3: =+IF(AVANCE[[#This Row],[% AVANCE]]=100%,"MODULO TERMINADO",IF(AVANCE[[#This Row],[FECHA INICIO REAL]]="","MODULO NO INICIADO","PENDIENTE")) -> MODULO TERMINADO | BG3: =+IF(AVANCE[[#This Row],[VENTANAS]]=8.10810810810811%,100%,AVANCE[[#This Row],[VENTANAS]]) -> 1 | BH3: =+IF(AVANCE[[#This Row],[PISO]]=N$2,100%,AVANCE[[#This Row],[PISO]]) -> 1 | BI3: =+IF(AVANCE[[#This Row],[TABIQUES]]=O$2,100%,AVANCE[[#This Row],[TABIQUES]]) -> 1 | BJ3: =+IF(AVANCE[[#This Row],[MUROS]]=P$2,100%,AVANCE[[#This Row],[MUROS]]) -> 1 | BK3: =+IF(AVANCE[[#This Row],[CIELO]]=Q$2,100%,AVANCE[[#This Row],[CIELO]]) -> 1 | BL3: =+IF(AVANCE[[#This Row],[BALCÓN]]=R$2,100%,AVANCE[[#This Row],[BALCÓN]]) -> 1 | BM3: =+IF(AVANCE[[#This Row],[RED ALCANTARILLADO]]=U$2,100%,AVANCE[[#This Row],[RED ALCANTARILLADO]]) -> 1 | BN3: =+IF(AVANCE[[#This Row],[RED DE AGUA]]=V$2,100%,AVANCE[[#This Row],[RED DE AGUA]]) -> 1 | BO3: =+IF(AVANCE[[#This Row],[VENTILACIONES]]=W$2,100%,AVANCE[[#This Row],[VENTILACIONES]]) -> 1 | BP3: =+IF(AVANCE[[#This Row],[TINA]]=X$2,100%,AVANCE[[#This Row],[TINA]]) -> 1 | BQ3: =+IF(AVANCE[[#This Row],[WC]]=Y$2,100%,AVANCE[[#This Row],[WC]]) -> 1 | BR3: =+IF(AVANCE[[#This Row],[LAVAMANOS / LAVAPLATOS / LAVADERO]]=Z$2,100%,AVANCE[[#This Row],[LAVAMANOS / LAVAPLATOS / LAVADERO]]) -> 1 | BS3: =+IF(AVANCE[[#This Row],[CANALIZACIÓN]]=AC$2,100%,AVANCE[[#This Row],[CANALIZACIÓN]]) -> 1 | BT3: =+IF(AVANCE[[#This Row],[CABLEADO]]=AD$2,100%,AVANCE[[#This Row],[CABLEADO]]) -> 1 | BU3: =+IF(AVANCE[[#This Row],[ARTEFACTOS]]=AE$2,100%,AVANCE[[#This Row],[ARTEFACTOS]]) -> 1 | BV3: =+IF(AVANCE[[#This Row],[TABLERO]]=AF$2,100%,AVANCE[[#This Row],[TABLERO]]) -> 1 | BW3: =+IF(AVANCE[[#This Row],[CAJA PAU]]=AG$2,100%,AVANCE[[#This Row],[CAJA PAU]]) -> 1 | BX3: =+IF(AVANCE[[#This Row],[INSTALACION VINILICO]]=AJ$2,100%,AVANCE[[#This Row],[INSTALACION VINILICO]]) -> 1 | BY3: =+IF(AVANCE[[#This Row],[OSB CUBIERTA]]=AK$2,100%,AVANCE[[#This Row],[OSB CUBIERTA]]) -> 1 | BZ3: =+IF(AVANCE[[#This Row],[BARANDA BALCON]]=AL$2,100%,AVANCE[[#This Row],[BARANDA BALCON]]) -> 1 | CA3: =+IF(AVANCE[[#This Row],[OSB EXTERIOR]]=AM$2,100%,AVANCE[[#This Row],[OSB EXTERIOR]]) -> 1 | CB3: =+IF(AVANCE[[#This Row],[SMART PANEL]]=AN$2,100%,AVANCE[[#This Row],[SMART PANEL]]) -> 1 | CC3: =+IF(AVANCE[[#This Row],[PINTURA EXTERIOR]]=AO$2,100%,AVANCE[[#This Row],[PINTURA EXTERIOR]]) -> 1 | CD3: =+IF(AVANCE[[#This Row],[ZOCALOS LOGIA]]=AP$2,100%,AVANCE[[#This Row],[ZOCALOS LOGIA]]) -> 1 | CE3: =+IF(AVANCE[[#This Row],[MOLDURAS]]=AQ$2,100%,AVANCE[[#This Row],[MOLDURAS]]) -> 1 | CF3: =+IF(AVANCE[[#This Row],[PILASTREO]]=AR$2,100%,AVANCE[[#This Row],[PILASTREO]]) -> 1 | CG3: =+IF(AVANCE[[#This Row],[CELOSIAS]]=AS$2,100%,AVANCE[[#This Row],[CELOSIAS]]) -> 1 | CH3: =+IF(AVANCE[[#This Row],[VENTANAS]]=AT$2,100%,AVANCE[[#This Row],[VENTANAS]]) -> 1 | CI3: =+IF(AVANCE[[#This Row],[PUERTAS ACCESO - LOGIA - BANO]]=AU$2,100%,AVANCE[[#This Row],[PUERTAS ACCESO - LOGIA - BANO]]) -> 1 | CJ3: =+IF(AVANCE[[#This Row],[CERRADURAS]]=AV$2,100%,AVANCE[[#This Row],[CERRADURAS]]) -> 1 | CK3: =+IF(AVANCE[[#This Row],[REVESTIMIENTO INTERIOR ZONA SECA]]=AW$2,100%,AVANCE[[#This Row],[REVESTIMIENTO INTERIOR ZONA SECA]]) -> 1 | CL3: =+IF(AVANCE[[#This Row],[REVESTIMIENTO INTERIOR ZONAS HUMEDAS]]=AX$2,100%,AVANCE[[#This Row],[REVESTIMIENTO INTERIOR ZONAS HUMEDAS]]) -> 1 | CM3: =+IF(AVANCE[[#This Row],[MEMBRANA CIELO]]=AY$2,100%,AVANCE[[#This Row],[MEMBRANA CIELO]]) -> 1 | CN3: =+IF(AVANCE[[#This Row],[LIMPIEZA FINAL]]=AZ$2,100%,AVANCE[[#This Row],[LIMPIEZA FINAL]]) -> 1 | CO3: =+IF(AVANCE[[#This Row],[PUERTAS DORMITORIO]]=BA$2,100%,AVANCE[[#This Row],[PUERTAS DORMITORIO]]) -> 1 | CP3: =+IF(AVANCE[[#This Row],[REVESTIMIENTO INTERIOR BANO]]=BB$2,100%,AVANCE[[#This Row],[REVESTIMIENTO INTERIOR BANO]]) -> 1 | CQ3: =+IF(AVANCE[[#This Row],[MUEBLE LAVAPLATOS]]=BC$2,100%,AVANCE[[#This Row],[MUEBLE LAVAPLATOS]]) -> 1 | CR3: =+IF(AVANCE[[#This Row],[IMPERMEABILIZACION BANO - COCINA LOGIA]]=BD$2,100%,AVANCE[[#This Row],[IMPERMEABILIZACION BANO - COCINA LOGIA]]) -> 1 | CS3: =+IF(AVANCE[[#This Row],[ESTADO MODULO]]="PENDIENTE",(TODAY()-AVANCE[[#This Row],[FECHA TERMINO PLANIFICADO]]),0) -> 0 | CT3: {=_xlfn.TEXTJOIN(" | ",TRUE,IF(SUMPRODUCT((BG3:CR3<1)*(PARTIDAS!$I$2:$AT$2="OBRA GRUESA"))>0,"OBRA GRUESA: "&_xlfn.TEXTJOIN(", ",TRUE,IF((BG3:CR3<1)*(PARTIDAS!$I$2:$AT$2="OBRA GRUESA"),PARTIDAS!$I$1:$AT$1,"")),""),IF(SUMPRODUCT((BG3:CR3<1)*(PARTIDAS!$I$2:$AT$2="SANITARIOS"))>0,"SANITARIOS: "&_xlfn.TEXTJOIN(", ",TRUE,IF((BG3:CR3<1)*(PARTIDAS!$I$2:$AT$2="SANITARIOS"),PARTIDAS!$I$1:$AT$1,"")),""),IF(SUMPRODUCT((BG3:CR3<1)*(PARTIDAS!$I$2:$AT$2="ELÉCTRICO"))>0,"ELÉCTRICO: "&_xlfn.TEXTJOIN(", ",TRUE,IF((BG3:CR3<1)*(PARTIDAS!$I$2:$AT$2="ELÉCTRICO"),PARTIDAS!$I$1:$AT$1,"")),""),IF(SUMPRODUCT((BG3:CR3<1)*(PARTIDAS!$I$2:$AT$2="TERMINACIONES"))>0,"TERMINACIONES: "&_xlfn.TEXTJOIN(", ",TRUE,IF((BG3:CR3<1)*(PARTIDAS!$I$2:$AT$2="TERMINACIONES"),PARTIDAS!$I$1:$AT$1,"")),""))} | CU3: {=_xlfn.TEXTJOIN(", ",TRUE,IF(SUMPRODUCT((BG3:CR3<1)*(PARTIDAS!$I$2:$AT$2="OBRA GRUESA"))>0,"OBRA GRUESA",""),IF(SUMPRODUCT((BG3:CR3<1)*(PARTIDAS!$I$2:$AT$2="SANITARIOS"))>0,"SANITARIOS",""),IF(SUMPRODUCT((BG3:CR3<1)*(PARTIDAS!$I$2:$AT$2="ELÉCTRICO"))>0,"ELÉCTRICO",""),IF(SUMPRODUCT((BG3:CR3<1)*(PARTIDAS!$I$2:$AT$2="TERMINACIONES"))>0,"TERMINACIONES",""))} | CV3: {=SUMPRODUCT(--(BG3:CR3<1))} -> 0
A4: TORRE 01 | B4: M-00003 | C4: 2302600003 | D4: HUMEDO | E4: 1 | F4: 46099 | G4: 46099 | H4: 46160 | I4: 46147 | K4: 46160 | L4: 0.43 | M4: 1 | N4: 0.27906977 | O4: 0.18604651 | P4: 0.25581395 | Q4: 0.18604651 | R4: 0.093023256 | S4: 0.09 | T4: 1 | U4: 0.22222222 | V4: 0.22222222 | W4: 0.11111111 | X4: 0.11111111 | Y4: 0.11111111 | Z4: 0.22222222 | AA4: 0.11 | AB4: 1 | AC4: 0.27272727 | AD4: 0.27272727 | AE4: 0.090909091 | AF4: 0.18181818 | AG4: 0.18181818 | AH4: 0.37 | AI4: 1 | AJ4: 0.054054054 | AK4: 0.054054054 | AL4: 0.027027027 | AM4: 0.081081081 | AN4: 0.081081081 | AO4: 0.067567568 | AP4: 0.054054054 | AQ4: 0.013513514 | AR4: 0.040540541 | AS4: 0.013513514 | AT4: 0.081081081 | AU4: 0.054054054 | AV4: 0.027027027 | AW4: 0.054054054 | AX4: 0.054054054 | AY4: 0.027027027 | AZ4: 0.040540541 | BA4: 0.054054054 | BB4: 0.081081081 | BC4: 0.013513514 | BD4: 0.027027027 | BE4: 31.32 | BF4: =+IF(AVANCE[[#This Row],[% AVANCE]]=100%,"MODULO TERMINADO",IF(AVANCE[[#This Row],[FECHA INICIO REAL]]="","MODULO NO INICIADO","PENDIENTE")) -> MODULO TERMINADO | BG4: =+IF(AVANCE[[#This Row],[VENTANAS]]=8.10810810810811%,100%,AVANCE[[#This Row],[VENTANAS]]) -> 1 | BH4: =+IF(AVANCE[[#This Row],[PISO]]=N$2,100%,AVANCE[[#This Row],[PISO]]) -> 1 | BI4: =+IF(AVANCE[[#This Row],[TABIQUES]]=O$2,100%,AVANCE[[#This Row],[TABIQUES]]) -> 1 | BJ4: =+IF(AVANCE[[#This Row],[MUROS]]=P$2,100%,AVANCE[[#This Row],[MUROS]]) -> 1 | BK4: =+IF(AVANCE[[#This Row],[CIELO]]=Q$2,100%,AVANCE[[#This Row],[CIELO]]) -> 1 | BL4: =+IF(AVANCE[[#This Row],[BALCÓN]]=R$2,100%,AVANCE[[#This Row],[BALCÓN]]) -> 1 | BM4: =+IF(AVANCE[[#This Row],[RED ALCANTARILLADO]]=U$2,100%,AVANCE[[#This Row],[RED ALCANTARILLADO]]) -> 1 | BN4: =+IF(AVANCE[[#This Row],[RED DE AGUA]]=V$2,100%,AVANCE[[#This Row],[RED DE AGUA]]) -> 1 | BO4: =+IF(AVANCE[[#This Row],[VENTILACIONES]]=W$2,100%,AVANCE[[#This Row],[VENTILACIONES]]) -> 1 | BP4: =+IF(AVANCE[[#This Row],[TINA]]=X$2,100%,AVANCE[[#This Row],[TINA]]) -> 1 | BQ4: =+IF(AVANCE[[#This Row],[WC]]=Y$2,100%,AVANCE[[#This Row],[WC]]) -> 1 | BR4: =+IF(AVANCE[[#This Row],[LAVAMANOS / LAVAPLATOS / LAVADERO]]=Z$2,100%,AVANCE[[#This Row],[LAVAMANOS / LAVAPLATOS / LAVADERO]]) -> 1 | BS4: =+IF(AVANCE[[#This Row],[CANALIZACIÓN]]=AC$2,100%,AVANCE[[#This Row],[CANALIZACIÓN]]) -> 1 | BT4: =+IF(AVANCE[[#This Row],[CABLEADO]]=AD$2,100%,AVANCE[[#This Row],[CABLEADO]]) -> 1 | BU4: =+IF(AVANCE[[#This Row],[ARTEFACTOS]]=AE$2,100%,AVANCE[[#This Row],[ARTEFACTOS]]) -> 1 | BV4: =+IF(AVANCE[[#This Row],[TABLERO]]=AF$2,100%,AVANCE[[#This Row],[TABLERO]]) -> 1 | BW4: =+IF(AVANCE[[#This Row],[CAJA PAU]]=AG$2,100%,AVANCE[[#This Row],[CAJA PAU]]) -> 1 | BX4: =+IF(AVANCE[[#This Row],[INSTALACION VINILICO]]=AJ$2,100%,AVANCE[[#This Row],[INSTALACION VINILICO]]) -> 1 | BY4: =+IF(AVANCE[[#This Row],[OSB CUBIERTA]]=AK$2,100%,AVANCE[[#This Row],[OSB CUBIERTA]]) -> 1 | BZ4: =+IF(AVANCE[[#This Row],[BARANDA BALCON]]=AL$2,100%,AVANCE[[#This Row],[BARANDA BALCON]]) -> 1 | CA4: =+IF(AVANCE[[#This Row],[OSB EXTERIOR]]=AM$2,100%,AVANCE[[#This Row],[OSB EXTERIOR]]) -> 1 | CB4: =+IF(AVANCE[[#This Row],[SMART PANEL]]=AN$2,100%,AVANCE[[#This Row],[SMART PANEL]]) -> 1 | CC4: =+IF(AVANCE[[#This Row],[PINTURA EXTERIOR]]=AO$2,100%,AVANCE[[#This Row],[PINTURA EXTERIOR]]) -> 1 | CD4: =+IF(AVANCE[[#This Row],[ZOCALOS LOGIA]]=AP$2,100%,AVANCE[[#This Row],[ZOCALOS LOGIA]]) -> 1 | CE4: =+IF(AVANCE[[#This Row],[MOLDURAS]]=AQ$2,100%,AVANCE[[#This Row],[MOLDURAS]]) -> 1 | CF4: =+IF(AVANCE[[#This Row],[PILASTREO]]=AR$2,100%,AVANCE[[#This Row],[PILASTREO]]) -> 1 | CG4: =+IF(AVANCE[[#This Row],[CELOSIAS]]=AS$2,100%,AVANCE[[#This Row],[CELOSIAS]]) -> 1 | CH4: =+IF(AVANCE[[#This Row],[VENTANAS]]=AT$2,100%,AVANCE[[#This Row],[VENTANAS]]) -> 1 | CI4: =+IF(AVANCE[[#This Row],[PUERTAS ACCESO - LOGIA - BANO]]=AU$2,100%,AVANCE[[#This Row],[PUERTAS ACCESO - LOGIA - BANO]]) -> 1 | CJ4: =+IF(AVANCE[[#This Row],[CERRADURAS]]=AV$2,100%,AVANCE[[#This Row],[CERRADURAS]]) -> 1 | CK4: =+IF(AVANCE[[#This Row],[REVESTIMIENTO INTERIOR ZONA SECA]]=AW$2,100%,AVANCE[[#This Row],[REVESTIMIENTO INTERIOR ZONA SECA]]) -> 1 | CL4: =+IF(AVANCE[[#This Row],[REVESTIMIENTO INTERIOR ZONAS HUMEDAS]]=AX$2,100%,AVANCE[[#This Row],[REVESTIMIENTO INTERIOR ZONAS HUMEDAS]]) -> 1 | CM4: =+IF(AVANCE[[#This Row],[MEMBRANA CIELO]]=AY$2,100%,AVANCE[[#This Row],[MEMBRANA CIELO]]) -> 1 | CN4: =+IF(AVANCE[[#This Row],[LIMPIEZA FINAL]]=AZ$2,100%,AVANCE[[#This Row],[LIMPIEZA FINAL]]) -> 1 | CO4: =+IF(AVANCE[[#This Row],[PUERTAS DORMITORIO]]=BA$2,100%,AVANCE[[#This Row],[PUERTAS DORMITORIO]]) -> 1 | CP4: =+IF(AVANCE[[#This Row],[REVESTIMIENTO INTERIOR BANO]]=BB$2,100%,AVANCE[[#This Row],[REVESTIMIENTO INTERIOR BANO]]) -> 1 | CQ4: =+IF(AVANCE[[#This Row],[MUEBLE LAVAPLATOS]]=BC$2,100%,AVANCE[[#This Row],[MUEBLE LAVAPLATOS]]) -> 1 | CR4: =+IF(AVANCE[[#This Row],[IMPERMEABILIZACION BANO - COCINA LOGIA]]=BD$2,100%,AVANCE[[#This Row],[IMPERMEABILIZACION BANO - COCINA LOGIA]]) -> 1 | CS4: =+IF(AVANCE[[#This Row],[ESTADO MODULO]]="PENDIENTE",(TODAY()-AVANCE[[#This Row],[FECHA TERMINO PLANIFICADO]]),0) -> 0 | CT4: {=_xlfn.TEXTJOIN(" | ",TRUE,IF(SUMPRODUCT((BG4:CR4<1)*(PARTIDAS!$I$2:$AT$2="OBRA GRUESA"))>0,"OBRA GRUESA: "&_xlfn.TEXTJOIN(", ",TRUE,IF((BG4:CR4<1)*(PARTIDAS!$I$2:$AT$2="OBRA GRUESA"),PARTIDAS!$I$1:$AT$1,"")),""),IF(SUMPRODUCT((BG4:CR4<1)*(PARTIDAS!$I$2:$AT$2="SANITARIOS"))>0,"SANITARIOS: "&_xlfn.TEXTJOIN(", ",TRUE,IF((BG4:CR4<1)*(PARTIDAS!$I$2:$AT$2="SANITARIOS"),PARTIDAS!$I$1:$AT$1,"")),""),IF(SUMPRODUCT((BG4:CR4<1)*(PARTIDAS!$I$2:$AT$2="ELÉCTRICO"))>0,"ELÉCTRICO: "&_xlfn.TEXTJOIN(", ",TRUE,IF((BG4:CR4<1)*(PARTIDAS!$I$2:$AT$2="ELÉCTRICO"),PARTIDAS!$I$1:$AT$1,"")),""),IF(SUMPRODUCT((BG4:CR4<1)*(PARTIDAS!$I$2:$AT$2="TERMINACIONES"))>0,"TERMINACIONES: "&_xlfn.TEXTJOIN(", ",TRUE,IF((BG4:CR4<1)*(PARTIDAS!$I$2:$AT$2="TERMINACIONES"),PARTIDAS!$I$1:$AT$1,"")),""))} | CU4: {=_xlfn.TEXTJOIN(", ",TRUE,IF(SUMPRODUCT((BG4:CR4<1)*(PARTIDAS!$I$2:$AT$2="OBRA GRUESA"))>0,"OBRA GRUESA",""),IF(SUMPRODUCT((BG4:CR4<1)*(PARTIDAS!$I$2:$AT$2="SANITARIOS"))>0,"SANITARIOS",""),IF(SUMPRODUCT((BG4:CR4<1)*(PARTIDAS!$I$2:$AT$2="ELÉCTRICO"))>0,"ELÉCTRICO",""),IF(SUMPRODUCT((BG4:CR4<1)*(PARTIDAS!$I$2:$AT$2="TERMINACIONES"))>0,"TERMINACIONES",""))} | CV4: {=SUMPRODUCT(--(BG4:CR4<1))} -> 0
A5: TORRE 01 | B5: M-00004 | C5: 2282600004 | D5: SECO | E5: 1 | F5: 46093 | G5: 46093 | H5: 46156 | I5: 46142 | K5: 46156 | L5: 0.43 | M5: 1 | N5: 0.27906977 | O5: 0.18604651 | P5: 0.25581395 | Q5: 0.18604651 | R5: 0.093023256 | S5: 0.09 | T5: 1 | U5: 0.22222222 | V5: 0.22222222 | W5: 0.11111111 | X5: 0.11111111 | Y5: 0.11111111 | Z5: 0.22222222 | AA5: 0.11 | AB5: 1 | AC5: 0.27272727 | AD5: 0.27272727 | AE5: 0.090909091 | AF5: 0.18181818 | AG5: 0.18181818 | AH5: 0.37 | AI5: 1 | AJ5: 0.054054054 | AK5: 0.054054054 | AL5: 0.027027027 | AM5: 0.081081081 | AN5: 0.081081081 | AO5: 0.067567568 | AP5: 0.054054054 | AQ5: 0.013513514 | AR5: 0.040540541 | AS5: 0.013513514 | AT5: 0.081081081 | AU5: 0.054054054 | AV5: 0.027027027 | AW5: 0.054054054 | AX5: 0.054054054 | AY5: 0.027027027 | AZ5: 0.040540541 | BA5: 0.054054054 | BB5: 0.081081081 | BC5: 0.013513514 | BD5: 0.027027027 | BE5: 28.87 | BF5: =+IF(AVANCE[[#This Row],[% AVANCE]]=100%,"MODULO TERMINADO",IF(AVANCE[[#This Row],[FECHA INICIO REAL]]="","MODULO NO INICIADO","PENDIENTE")) -> MODULO TERMINADO | BG5: =+IF(AVANCE[[#This Row],[VENTANAS]]=8.10810810810811%,100%,AVANCE[[#This Row],[VENTANAS]]) -> 1 | BH5: =+IF(AVANCE[[#This Row],[PISO]]=N$2,100%,AVANCE[[#This Row],[PISO]]) -> 1 | BI5: =+IF(AVANCE[[#This Row],[TABIQUES]]=O$2,100%,AVANCE[[#This Row],[TABIQUES]]) -> 1 | BJ5: =+IF(AVANCE[[#This Row],[MUROS]]=P$2,100%,AVANCE[[#This Row],[MUROS]]) -> 1 | BK5: =+IF(AVANCE[[#This Row],[CIELO]]=Q$2,100%,AVANCE[[#This Row],[CIELO]]) -> 1 | BL5: =+IF(AVANCE[[#This Row],[BALCÓN]]=R$2,100%,AVANCE[[#This Row],[BALCÓN]]) -> 1 | BM5: =+IF(AVANCE[[#This Row],[RED ALCANTARILLADO]]=U$2,100%,AVANCE[[#This Row],[RED ALCANTARILLADO]]) -> 1 | BN5: =+IF(AVANCE[[#This Row],[RED DE AGUA]]=V$2,100%,AVANCE[[#This Row],[RED DE AGUA]]) -> 1 | BO5: =+IF(AVANCE[[#This Row],[VENTILACIONES]]=W$2,100%,AVANCE[[#This Row],[VENTILACIONES]]) -> 1 | BP5: =+IF(AVANCE[[#This Row],[TINA]]=X$2,100%,AVANCE[[#This Row],[TINA]]) -> 1 | BQ5: =+IF(AVANCE[[#This Row],[WC]]=Y$2,100%,AVANCE[[#This Row],[WC]]) -> 1 | BR5: =+IF(AVANCE[[#This Row],[LAVAMANOS / LAVAPLATOS / LAVADERO]]=Z$2,100%,AVANCE[[#This Row],[LAVAMANOS / LAVAPLATOS / LAVADERO]]) -> 1 | BS5: =+IF(AVANCE[[#This Row],[CANALIZACIÓN]]=AC$2,100%,AVANCE[[#This Row],[CANALIZACIÓN]]) -> 1 | BT5: =+IF(AVANCE[[#This Row],[CABLEADO]]=AD$2,100%,AVANCE[[#This Row],[CABLEADO]]) -> 1 | BU5: =+IF(AVANCE[[#This Row],[ARTEFACTOS]]=AE$2,100%,AVANCE[[#This Row],[ARTEFACTOS]]) -> 1 | BV5: =+IF(AVANCE[[#This Row],[TABLERO]]=AF$2,100%,AVANCE[[#This Row],[TABLERO]]) -> 1 | BW5: =+IF(AVANCE[[#This Row],[CAJA PAU]]=AG$2,100%,AVANCE[[#This Row],[CAJA PAU]]) -> 1 | BX5: =+IF(AVANCE[[#This Row],[INSTALACION VINILICO]]=AJ$2,100%,AVANCE[[#This Row],[INSTALACION VINILICO]]) -> 1 | BY5: =+IF(AVANCE[[#This Row],[OSB CUBIERTA]]=AK$2,100%,AVANCE[[#This Row],[OSB CUBIERTA]]) -> 1 | BZ5: =+IF(AVANCE[[#This Row],[BARANDA BALCON]]=AL$2,100%,AVANCE[[#This Row],[BARANDA BALCON]]) -> 1 | CA5: =+IF(AVANCE[[#This Row],[OSB EXTERIOR]]=AM$2,100%,AVANCE[[#This Row],[OSB EXTERIOR]]) -> 1 | CB5: =+IF(AVANCE[[#This Row],[SMART PANEL]]=AN$2,100%,AVANCE[[#This Row],[SMART PANEL]]) -> 1 | CC5: =+IF(AVANCE[[#This Row],[PINTURA EXTERIOR]]=AO$2,100%,AVANCE[[#This Row],[PINTURA EXTERIOR]]) -> 1 | CD5: =+IF(AVANCE[[#This Row],[ZOCALOS LOGIA]]=AP$2,100%,AVANCE[[#This Row],[ZOCALOS LOGIA]]) -> 1 | CE5: =+IF(AVANCE[[#This Row],[MOLDURAS]]=AQ$2,100%,AVANCE[[#This Row],[MOLDURAS]]) -> 1 | CF5: =+IF(AVANCE[[#This Row],[PILASTREO]]=AR$2,100%,AVANCE[[#This Row],[PILASTREO]]) -> 1 | CG5: =+IF(AVANCE[[#This Row],[CELOSIAS]]=AS$2,100%,AVANCE[[#This Row],[CELOSIAS]]) -> 1 | CH5: =+IF(AVANCE[[#This Row],[VENTANAS]]=AT$2,100%,AVANCE[[#This Row],[VENTANAS]]) -> 1 | CI5: =+IF(AVANCE[[#This Row],[PUERTAS ACCESO - LOGIA - BANO]]=AU$2,100%,AVANCE[[#This Row],[PUERTAS ACCESO - LOGIA - BANO]]) -> 1 | CJ5: =+IF(AVANCE[[#This Row],[CERRADURAS]]=AV$2,100%,AVANCE[[#This Row],[CERRADURAS]]) -> 1 | CK5: =+IF(AVANCE[[#This Row],[REVESTIMIENTO INTERIOR ZONA SECA]]=AW$2,100%,AVANCE[[#This Row],[REVESTIMIENTO INTERIOR ZONA SECA]]) -> 1 | CL5: =+IF(AVANCE[[#This Row],[REVESTIMIENTO INTERIOR ZONAS HUMEDAS]]=AX$2,100%,AVANCE[[#This Row],[REVESTIMIENTO INTERIOR ZONAS HUMEDAS]]) -> 1 | CM5: =+IF(AVANCE[[#This Row],[MEMBRANA CIELO]]=AY$2,100%,AVANCE[[#This Row],[MEMBRANA CIELO]]) -> 1 | CN5: =+IF(AVANCE[[#This Row],[LIMPIEZA FINAL]]=AZ$2,100%,AVANCE[[#This Row],[LIMPIEZA FINAL]]) -> 1 | CO5: =+IF(AVANCE[[#This Row],[PUERTAS DORMITORIO]]=BA$2,100%,AVANCE[[#This Row],[PUERTAS DORMITORIO]]) -> 1 | CP5: =+IF(AVANCE[[#This Row],[REVESTIMIENTO INTERIOR BANO]]=BB$2,100%,AVANCE[[#This Row],[REVESTIMIENTO INTERIOR BANO]]) -> 1 | CQ5: =+IF(AVANCE[[#This Row],[MUEBLE LAVAPLATOS]]=BC$2,100%,AVANCE[[#This Row],[MUEBLE LAVAPLATOS]]) -> 1 | CR5: =+IF(AVANCE[[#This Row],[IMPERMEABILIZACION BANO - COCINA LOGIA]]=BD$2,100%,AVANCE[[#This Row],[IMPERMEABILIZACION BANO - COCINA LOGIA]]) -> 1 | CS5: =+IF(AVANCE[[#This Row],[ESTADO MODULO]]="PENDIENTE",(TODAY()-AVANCE[[#This Row],[FECHA TERMINO PLANIFICADO]]),0) -> 0 | CT5: {=_xlfn.TEXTJOIN(" | ",TRUE,IF(SUMPRODUCT((BG5:CR5<1)*(PARTIDAS!$I$2:$AT$2="OBRA GRUESA"))>0,"OBRA GRUESA: "&_xlfn.TEXTJOIN(", ",TRUE,IF((BG5:CR5<1)*(PARTIDAS!$I$2:$AT$2="OBRA GRUESA"),PARTIDAS!$I$1:$AT$1,"")),""),IF(SUMPRODUCT((BG5:CR5<1)*(PARTIDAS!$I$2:$AT$2="SANITARIOS"))>0,"SANITARIOS: "&_xlfn.TEXTJOIN(", ",TRUE,IF((BG5:CR5<1)*(PARTIDAS!$I$2:$AT$2="SANITARIOS"),PARTIDAS!$I$1:$AT$1,"")),""),IF(SUMPRODUCT((BG5:CR5<1)*(PARTIDAS!$I$2:$AT$2="ELÉCTRICO"))>0,"ELÉCTRICO: "&_xlfn.TEXTJOIN(", ",TRUE,IF((BG5:CR5<1)*(PARTIDAS!$I$2:$AT$2="ELÉCTRICO"),PARTIDAS!$I$1:$AT$1,"")),""),IF(SUMPRODUCT((BG5:CR5<1)*(PARTIDAS!$I$2:$AT$2="TERMINACIONES"))>0,"TERMINACIONES: "&_xlfn.TEXTJOIN(", ",TRUE,IF((BG5:CR5<1)*(PARTIDAS!$I$2:$AT$2="TERMINACIONES"),PARTIDAS!$I$1:$AT$1,"")),""))} | CU5: {=_xlfn.TEXTJOIN(", ",TRUE,IF(SUMPRODUCT((BG5:CR5<1)*(PARTIDAS!$I$2:$AT$2="OBRA GRUESA"))>0,"OBRA GRUESA",""),IF(SUMPRODUCT((BG5:CR5<1)*(PARTIDAS!$I$2:$AT$2="SANITARIOS"))>0,"SANITARIOS",""),IF(SUMPRODUCT((BG5:CR5<1)*(PARTIDAS!$I$2:$AT$2="ELÉCTRICO"))>0,"ELÉCTRICO",""),IF(SUMPRODUCT((BG5:CR5<1)*(PARTIDAS!$I$2:$AT$2="TERMINACIONES"))>0,"TERMINACIONES",""))} | CV5: {=SUMPRODUCT(--(BG5:CR5<1))} -> 0
A6: TORRE 01 | B6: M-00005 | C6: 2282600005 | D6: SECO | E6: 1 | F6: 46104 | G6: 46104 | H6: 46150 | I6: 46147 | K6: 46150 | L6: 0.43 | M6: 1 | N6: 0.27906977 | O6: 0.18604651 | P6: 0.25581395 | Q6: 0.18604651 | R6: 0.093023256 | S6: 0.09 | T6: 1 | U6: 0.22222222 | V6: 0.22222222 | W6: 0.11111111 | X6: 0.11111111 | Y6: 0.11111111 | Z6: 0.22222222 | AA6: 0.11 | AB6: 1 | AC6: 0.27272727 | AD6: 0.27272727 | AE6: 0.090909091 | AF6: 0.18181818 | AG6: 0.18181818 | AH6: 0.37 | AI6: 1 | AJ6: 0.054054054 | AK6: 0.054054054 | AL6: 0.027027027 | AM6: 0.081081081 | AN6: 0.081081081 | AO6: 0.067567568 | AP6: 0.054054054 | AQ6: 0.013513514 | AR6: 0.040540541 | AS6: 0.013513514 | AT6: 0.081081081 | AU6: 0.054054054 | AV6: 0.027027027 | AW6: 0.054054054 | AX6: 0.054054054 | AY6: 0.027027027 | AZ6: 0.040540541 | BA6: 0.054054054 | BB6: 0.081081081 | BC6: 0.013513514 | BD6: 0.027027027 | BE6: 28.87 | BF6: =+IF(AVANCE[[#This Row],[% AVANCE]]=100%,"MODULO TERMINADO",IF(AVANCE[[#This Row],[FECHA INICIO REAL]]="","MODULO NO INICIADO","PENDIENTE")) -> MODULO TERMINADO | BG6: =+IF(AVANCE[[#This Row],[VENTANAS]]=8.10810810810811%,100%,AVANCE[[#This Row],[VENTANAS]]) -> 1 | BH6: =+IF(AVANCE[[#This Row],[PISO]]=N$2,100%,AVANCE[[#This Row],[PISO]]) -> 1 | BI6: =+IF(AVANCE[[#This Row],[TABIQUES]]=O$2,100%,AVANCE[[#This Row],[TABIQUES]]) -> 1 | BJ6: =+IF(AVANCE[[#This Row],[MUROS]]=P$2,100%,AVANCE[[#This Row],[MUROS]]) -> 1 | BK6: =+IF(AVANCE[[#This Row],[CIELO]]=Q$2,100%,AVANCE[[#This Row],[CIELO]]) -> 1 | BL6: =+IF(AVANCE[[#This Row],[BALCÓN]]=R$2,100%,AVANCE[[#This Row],[BALCÓN]]) -> 1 | BM6: =+IF(AVANCE[[#This Row],[RED ALCANTARILLADO]]=U$2,100%,AVANCE[[#This Row],[RED ALCANTARILLADO]]) -> 1 | BN6: =+IF(AVANCE[[#This Row],[RED DE AGUA]]=V$2,100%,AVANCE[[#This Row],[RED DE AGUA]]) -> 1 | BO6: =+IF(AVANCE[[#This Row],[VENTILACIONES]]=W$2,100%,AVANCE[[#This Row],[VENTILACIONES]]) -> 1 | BP6: =+IF(AVANCE[[#This Row],[TINA]]=X$2,100%,AVANCE[[#This Row],[TINA]]) -> 1 | BQ6: =+IF(AVANCE[[#This Row],[WC]]=Y$2,100%,AVANCE[[#This Row],[WC]]) -> 1 | BR6: =+IF(AVANCE[[#This Row],[LAVAMANOS / LAVAPLATOS / LAVADERO]]=Z$2,100%,AVANCE[[#This Row],[LAVAMANOS / LAVAPLATOS / LAVADERO]]) -> 1 | BS6: =+IF(AVANCE[[#This Row],[CANALIZACIÓN]]=AC$2,100%,AVANCE[[#This Row],[CANALIZACIÓN]]) -> 1 | BT6: =+IF(AVANCE[[#This Row],[CABLEADO]]=AD$2,100%,AVANCE[[#This Row],[CABLEADO]]) -> 1 | BU6: =+IF(AVANCE[[#This Row],[ARTEFACTOS]]=AE$2,100%,AVANCE[[#This Row],[ARTEFACTOS]]) -> 1 | BV6: =+IF(AVANCE[[#This Row],[TABLERO]]=AF$2,100%,AVANCE[[#This Row],[TABLERO]]) -> 1 | BW6: =+IF(AVANCE[[#This Row],[CAJA PAU]]=AG$2,100%,AVANCE[[#This Row],[CAJA PAU]]) -> 1 | BX6: =+IF(AVANCE[[#This Row],[INSTALACION VINILICO]]=AJ$2,100%,AVANCE[[#This Row],[INSTALACION VINILICO]]) -> 1 | BY6: =+IF(AVANCE[[#This Row],[OSB CUBIERTA]]=AK$2,100%,AVANCE[[#This Row],[OSB CUBIERTA]]) -> 1 | BZ6: =+IF(AVANCE[[#This Row],[BARANDA BALCON]]=AL$2,100%,AVANCE[[#This Row],[BARANDA BALCON]]) -> 1 | CA6: =+IF(AVANCE[[#This Row],[OSB EXTERIOR]]=AM$2,100%,AVANCE[[#This Row],[OSB EXTERIOR]]) -> 1 | CB6: =+IF(AVANCE[[#This Row],[SMART PANEL]]=AN$2,100%,AVANCE[[#This Row],[SMART PANEL]]) -> 1 | CC6: =+IF(AVANCE[[#This Row],[PINTURA EXTERIOR]]=AO$2,100%,AVANCE[[#This Row],[PINTURA EXTERIOR]]) -> 1 | CD6: =+IF(AVANCE[[#This Row],[ZOCALOS LOGIA]]=AP$2,100%,AVANCE[[#This Row],[ZOCALOS LOGIA]]) -> 1 | CE6: =+IF(AVANCE[[#This Row],[MOLDURAS]]=AQ$2,100%,AVANCE[[#This Row],[MOLDURAS]]) -> 1 | CF6: =+IF(AVANCE[[#This Row],[PILASTREO]]=AR$2,100%,AVANCE[[#This Row],[PILASTREO]]) -> 1 | CG6: =+IF(AVANCE[[#This Row],[CELOSIAS]]=AS$2,100%,AVANCE[[#This Row],[CELOSIAS]]) -> 1 | CH6: =+IF(AVANCE[[#This Row],[VENTANAS]]=AT$2,100%,AVANCE[[#This Row],[VENTANAS]]) -> 1 | CI6: =+IF(AVANCE[[#This Row],[PUERTAS ACCESO - LOGIA - BANO]]=AU$2,100%,AVANCE[[#This Row],[PUERTAS ACCESO - LOGIA - BANO]]) -> 1 | CJ6: =+IF(AVANCE[[#This Row],[CERRADURAS]]=AV$2,100%,AVANCE[[#This Row],[CERRADURAS]]) -> 1 | CK6: =+IF(AVANCE[[#This Row],[REVESTIMIENTO INTERIOR ZONA SECA]]=AW$2,100%,AVANCE[[#This Row],[REVESTIMIENTO INTERIOR ZONA SECA]]) -> 1 | CL6: =+IF(AVANCE[[#This Row],[REVESTIMIENTO INTERIOR ZONAS HUMEDAS]]=AX$2,100%,AVANCE[[#This Row],[REVESTIMIENTO INTERIOR ZONAS HUMEDAS]]) -> 1 | CM6: =+IF(AVANCE[[#This Row],[MEMBRANA CIELO]]=AY$2,100%,AVANCE[[#This Row],[MEMBRANA CIELO]]) -> 1 | CN6: =+IF(AVANCE[[#This Row],[LIMPIEZA FINAL]]=AZ$2,100%,AVANCE[[#This Row],[LIMPIEZA FINAL]]) -> 1 | CO6: =+IF(AVANCE[[#This Row],[PUERTAS DORMITORIO]]=BA$2,100%,AVANCE[[#This Row],[PUERTAS DORMITORIO]]) -> 1 | CP6: =+IF(AVANCE[[#This Row],[REVESTIMIENTO INTERIOR BANO]]=BB$2,100%,AVANCE[[#This Row],[REVESTIMIENTO INTERIOR BANO]]) -> 1 | CQ6: =+IF(AVANCE[[#This Row],[MUEBLE LAVAPLATOS]]=BC$2,100%,AVANCE[[#This Row],[MUEBLE LAVAPLATOS]]) -> 1 | CR6: =+IF(AVANCE[[#This Row],[IMPERMEABILIZACION BANO - COCINA LOGIA]]=BD$2,100%,AVANCE[[#This Row],[IMPERMEABILIZACION BANO - COCINA LOGIA]]) -> 1 | CS6: =+IF(AVANCE[[#This Row],[ESTADO MODULO]]="PENDIENTE",(TODAY()-AVANCE[[#This Row],[FECHA TERMINO PLANIFICADO]]),0) -> 0 | CT6: {=_xlfn.TEXTJOIN(" | ",TRUE,IF(SUMPRODUCT((BG6:CR6<1)*(PARTIDAS!$I$2:$AT$2="OBRA GRUESA"))>0,"OBRA GRUESA: "&_xlfn.TEXTJOIN(", ",TRUE,IF((BG6:CR6<1)*(PARTIDAS!$I$2:$AT$2="OBRA GRUESA"),PARTIDAS!$I$1:$AT$1,"")),""),IF(SUMPRODUCT((BG6:CR6<1)*(PARTIDAS!$I$2:$AT$2="SANITARIOS"))>0,"SANITARIOS: "&_xlfn.TEXTJOIN(", ",TRUE,IF((BG6:CR6<1)*(PARTIDAS!$I$2:$AT$2="SANITARIOS"),PARTIDAS!$I$1:$AT$1,"")),""),IF(SUMPRODUCT((BG6:CR6<1)*(PARTIDAS!$I$2:$AT$2="ELÉCTRICO"))>0,"ELÉCTRICO: "&_xlfn.TEXTJOIN(", ",TRUE,IF((BG6:CR6<1)*(PARTIDAS!$I$2:$AT$2="ELÉCTRICO"),PARTIDAS!$I$1:$AT$1,"")),""),IF(SUMPRODUCT((BG6:CR6<1)*(PARTIDAS!$I$2:$AT$2="TERMINACIONES"))>0,"TERMINACIONES: "&_xlfn.TEXTJOIN(", ",TRUE,IF((BG6:CR6<1)*(PARTIDAS!$I$2:$AT$2="TERMINACIONES"),PARTIDAS!$I$1:$AT$1,"")),""))} | CU6: {=_xlfn.TEXTJOIN(", ",TRUE,IF(SUMPRODUCT((BG6:CR6<1)*(PARTIDAS!$I$2:$AT$2="OBRA GRUESA"))>0,"OBRA GRUESA",""),IF(SUMPRODUCT((BG6:CR6<1)*(PARTIDAS!$I$2:$AT$2="SANITARIOS"))>0,"SANITARIOS",""),IF(SUMPRODUCT((BG6:CR6<1)*(PARTIDAS!$I$2:$AT$2="ELÉCTRICO"))>0,"ELÉCTRICO",""),IF(SUMPRODUCT((BG6:CR6<1)*(PARTIDAS!$I$2:$AT$2="TERMINACIONES"))>0,"TERMINACIONES",""))} | CV6: {=SUMPRODUCT(--(BG6:CR6<1))} -> 0
A7: TORRE 01 | B7: M-00006 | C7: 2302600006 | D7: HUMEDO | E7: 1 | F7: 46105 | G7: 46105 | H7: 46169 | I7: 46153 | K7: 46169 | L7: 0.43 | M7: 1 | N7: 0.27906977 | O7: 0.18604651 | P7: 0.25581395 | Q7: 0.18604651 | R7: 0.093023256 | S7: 0.09 | T7: 1 | U7: 0.22222222 | V7: 0.22222222 | W7: 0.11111111 | X7: 0.11111111 | Y7: 0.11111111 | Z7: 0.22222222 | AA7: 0.11 | AB7: 1 | AC7: 0.27272727 | AD7: 0.27272727 | AE7: 0.090909091 | AF7: 0.18181818 | AG7: 0.18181818 | AH7: 0.37 | AI7: 1 | AJ7: 0.054054054 | AK7: 0.054054054 | AL7: 0.027027027 | AM7: 0.081081081 | AN7: 0.081081081 | AO7: 0.067567568 | AP7: 0.054054054 | AQ7: 0.013513514 | AR7: 0.040540541 | AS7: 0.013513514 | AT7: 0.081081081 | AU7: 0.054054054 | AV7: 0.027027027 | AW7: 0.054054054 | AX7: 0.054054054 | AY7: 0.027027027 | AZ7: 0.040540541 | BA7: 0.054054054 | BB7: 0.081081081 | BC7: 0.013513514 | BD7: 0.027027027 | BE7: 31.32 | BF7: =+IF(AVANCE[[#This Row],[% AVANCE]]=100%,"MODULO TERMINADO",IF(AVANCE[[#This Row],[FECHA INICIO REAL]]="","MODULO NO INICIADO","PENDIENTE")) -> MODULO TERMINADO | BG7: =+IF(AVANCE[[#This Row],[VENTANAS]]=8.10810810810811%,100%,AVANCE[[#This Row],[VENTANAS]]) -> 1 | BH7: =+IF(AVANCE[[#This Row],[PISO]]=N$2,100%,AVANCE[[#This Row],[PISO]]) -> 1 | BI7: =+IF(AVANCE[[#This Row],[TABIQUES]]=O$2,100%,AVANCE[[#This Row],[TABIQUES]]) -> 1 | BJ7: =+IF(AVANCE[[#This Row],[MUROS]]=P$2,100%,AVANCE[[#This Row],[MUROS]]) -> 1 | BK7: =+IF(AVANCE[[#This Row],[CIELO]]=Q$2,100%,AVANCE[[#This Row],[CIELO]]) -> 1 | BL7: =+IF(AVANCE[[#This Row],[BALCÓN]]=R$2,100%,AVANCE[[#This Row],[BALCÓN]]) -> 1 | BM7: =+IF(AVANCE[[#This Row],[RED ALCANTARILLADO]]=U$2,100%,AVANCE[[#This Row],[RED ALCANTARILLADO]]) -> 1 | BN7: =+IF(AVANCE[[#This Row],[RED DE AGUA]]=V$2,100%,AVANCE[[#This Row],[RED DE AGUA]]) -> 1 | BO7: =+IF(AVANCE[[#This Row],[VENTILACIONES]]=W$2,100%,AVANCE[[#This Row],[VENTILACIONES]]) -> 1 | BP7: =+IF(AVANCE[[#This Row],[TINA]]=X$2,100%,AVANCE[[#This Row],[TINA]]) -> 1 | BQ7: =+IF(AVANCE[[#This Row],[WC]]=Y$2,100%,AVANCE[[#This Row],[WC]]) -> 1 | BR7: =+IF(AVANCE[[#This Row],[LAVAMANOS / LAVAPLATOS / LAVADERO]]=Z$2,100%,AVANCE[[#This Row],[LAVAMANOS / LAVAPLATOS / LAVADERO]]) -> 1 | BS7: =+IF(AVANCE[[#This Row],[CANALIZACIÓN]]=AC$2,100%,AVANCE[[#This Row],[CANALIZACIÓN]]) -> 1 | BT7: =+IF(AVANCE[[#This Row],[CABLEADO]]=AD$2,100%,AVANCE[[#This Row],[CABLEADO]]) -> 1 | BU7: =+IF(AVANCE[[#This Row],[ARTEFACTOS]]=AE$2,100%,AVANCE[[#This Row],[ARTEFACTOS]]) -> 1 | BV7: =+IF(AVANCE[[#This Row],[TABLERO]]=AF$2,100%,AVANCE[[#This Row],[TABLERO]]) -> 1 | BW7: =+IF(AVANCE[[#This Row],[CAJA PAU]]=AG$2,100%,AVANCE[[#This Row],[CAJA PAU]]) -> 1 | BX7: =+IF(AVANCE[[#This Row],[INSTALACION VINILICO]]=AJ$2,100%,AVANCE[[#This Row],[INSTALACION VINILICO]]) -> 1 | BY7: =+IF(AVANCE[[#This Row],[OSB CUBIERTA]]=AK$2,100%,AVANCE[[#This Row],[OSB CUBIERTA]]) -> 1 | BZ7: =+IF(AVANCE[[#This Row],[BARANDA BALCON]]=AL$2,100%,AVANCE[[#This Row],[BARANDA BALCON]]) -> 1 | CA7: =+IF(AVANCE[[#This Row],[OSB EXTERIOR]]=AM$2,100%,AVANCE[[#This Row],[OSB EXTERIOR]]) -> 1 | CB7: =+IF(AVANCE[[#This Row],[SMART PANEL]]=AN$2,100%,AVANCE[[#This Row],[SMART PANEL]]) -> 1 | CC7: =+IF(AVANCE[[#This Row],[PINTURA EXTERIOR]]=AO$2,100%,AVANCE[[#This Row],[PINTURA EXTERIOR]]) -> 1 | CD7: =+IF(AVANCE[[#This Row],[ZOCALOS LOGIA]]=AP$2,100%,AVANCE[[#This Row],[ZOCALOS LOGIA]]) -> 1 | CE7: =+IF(AVANCE[[#This Row],[MOLDURAS]]=AQ$2,100%,AVANCE[[#This Row],[MOLDURAS]]) -> 1 | CF7: =+IF(AVANCE[[#This Row],[PILASTREO]]=AR$2,100%,AVANCE[[#This Row],[PILASTREO]]) -> 1 | CG7: =+IF(AVANCE[[#This Row],[CELOSIAS]]=AS$2,100%,AVANCE[[#This Row],[CELOSIAS]]) -> 1 | CH7: =+IF(AVANCE[[#This Row],[VENTANAS]]=AT$2,100%,AVANCE[[#This Row],[VENTANAS]]) -> 1 | CI7: =+IF(AVANCE[[#This Row],[PUERTAS ACCESO - LOGIA - BANO]]=AU$2,100%,AVANCE[[#This Row],[PUERTAS ACCESO - LOGIA - BANO]]) -> 1 | CJ7: =+IF(AVANCE[[#This Row],[CERRADURAS]]=AV$2,100%,AVANCE[[#This Row],[CERRADURAS]]) -> 1 | CK7: =+IF(AVANCE[[#This Row],[REVESTIMIENTO INTERIOR ZONA SECA]]=AW$2,100%,AVANCE[[#This Row],[REVESTIMIENTO INTERIOR ZONA SECA]]) -> 1 | CL7: =+IF(AVANCE[[#This Row],[REVESTIMIENTO INTERIOR ZONAS HUMEDAS]]=AX$2,100%,AVANCE[[#This Row],[REVESTIMIENTO INTERIOR ZONAS HUMEDAS]]) -> 1 | CM7: =+IF(AVANCE[[#This Row],[MEMBRANA CIELO]]=AY$2,100%,AVANCE[[#This Row],[MEMBRANA CIELO]]) -> 1 | CN7: =+IF(AVANCE[[#This Row],[LIMPIEZA FINAL]]=AZ$2,100%,AVANCE[[#This Row],[LIMPIEZA FINAL]]) -> 1 | CO7: =+IF(AVANCE[[#This Row],[PUERTAS DORMITORIO]]=BA$2,100%,AVANCE[[#This Row],[PUERTAS DORMITORIO]]) -> 1 | CP7: =+IF(AVANCE[[#This Row],[REVESTIMIENTO INTERIOR BANO]]=BB$2,100%,AVANCE[[#This Row],[REVESTIMIENTO INTERIOR BANO]]) -> 1 | CQ7: =+IF(AVANCE[[#This Row],[MUEBLE LAVAPLATOS]]=BC$2,100%,AVANCE[[#This Row],[MUEBLE LAVAPLATOS]]) -> 1 | CR7: =+IF(AVANCE[[#This Row],[IMPERMEABILIZACION BANO - COCINA LOGIA]]=BD$2,100%,AVANCE[[#This Row],[IMPERMEABILIZACION BANO - COCINA LOGIA]]) -> 1 | CS7: =+IF(AVANCE[[#This Row],[ESTADO MODULO]]="PENDIENTE",(TODAY()-AVANCE[[#This Row],[FECHA TERMINO PLANIFICADO]]),0) -> 0 | CT7: {=_xlfn.TEXTJOIN(" | ",TRUE,IF(SUMPRODUCT((BG7:CR7<1)*(PARTIDAS!$I$2:$AT$2="OBRA GRUESA"))>0,"OBRA GRUESA: "&_xlfn.TEXTJOIN(", ",TRUE,IF((BG7:CR7<1)*(PARTIDAS!$I$2:$AT$2="OBRA GRUESA"),PARTIDAS!$I$1:$AT$1,"")),""),IF(SUMPRODUCT((BG7:CR7<1)*(PARTIDAS!$I$2:$AT$2="SANITARIOS"))>0,"SANITARIOS: "&_xlfn.TEXTJOIN(", ",TRUE,IF((BG7:CR7<1)*(PARTIDAS!$I$2:$AT$2="SANITARIOS"),PARTIDAS!$I$1:$AT$1,"")),""),IF(SUMPRODUCT((BG7:CR7<1)*(PARTIDAS!$I$2:$AT$2="ELÉCTRICO"))>0,"ELÉCTRICO: "&_xlfn.TEXTJOIN(", ",TRUE,IF((BG7:CR7<1)*(PARTIDAS!$I$2:$AT$2="ELÉCTRICO"),PARTIDAS!$I$1:$AT$1,"")),""),IF(SUMPRODUCT((BG7:CR7<1)*(PARTIDAS!$I$2:$AT$2="TERMINACIONES"))>0,"TERMINACIONES: "&_xlfn.TEXTJOIN(", ",TRUE,IF((BG7:CR7<1)*(PARTIDAS!$I$2:$AT$2="TERMINACIONES"),PARTIDAS!$I$1:$AT$1,"")),""))} | CU7: {=_xlfn.TEXTJOIN(", ",TRUE,IF(SUMPRODUCT((BG7:CR7<1)*(PARTIDAS!$I$2:$AT$2="OBRA GRUESA"))>0,"OBRA GRUESA",""),IF(SUMPRODUCT((BG7:CR7<1)*(PARTIDAS!$I$2:$AT$2="SANITARIOS"))>0,"SANITARIOS",""),IF(SUMPRODUCT((BG7:CR7<1)*(PARTIDAS!$I$2:$AT$2="ELÉCTRICO"))>0,"ELÉCTRICO",""),IF(SUMPRODUCT((BG7:CR7<1)*(PARTIDAS!$I$2:$AT$2="TERMINACIONES"))>0,"TERMINACIONES",""))} | CV7: {=SUMPRODUCT(--(BG7:CR7<1))} -> 0
A8: TORRE 01 | B8: M-00007 | C8: 2302600007 | D8: HUMEDO | E8: 1 | F8: 46105 | G8: 46105 | H8: 46178 | I8: 46155 | K8: 46178 | L8: 0.43 | M8: 1 | N8: 0.27906977 | O8: 0.18604651 | P8: 0.25581395 | Q8: 0.18604651 | R8: 0.093023256 | S8: 0.09 | T8: 1 | U8: 0.22222222 | V8: 0.22222222 | W8: 0.11111111 | X8: 0.11111111 | Y8: 0.11111111 | Z8: 0.22222222 | AA8: 0.11 | AB8: 1 | AC8: 0.27272727 | AD8: 0.27272727 | AE8: 0.090909091 | AF8: 0.18181818 | AG8: 0.18181818 | AH8: 0.37 | AI8: 1 | AJ8: 0.054054054 | AK8: 0.054054054 | AL8: 0.027027027 | AM8: 0.081081081 | AN8: 0.081081081 | AO8: 0.067567568 | AP8: 0.054054054 | AQ8: 0.013513514 | AR8: 0.040540541 | AS8: 0.013513514 | AT8: 0.081081081 | AU8: 0.054054054 | AV8: 0.027027027 | AW8: 0.054054054 | AX8: 0.054054054 | AY8: 0.027027027 | AZ8: 0.040540541 | BA8: 0.054054054 | BB8: 0.081081081 | BC8: 0.013513514 | BD8: 0.027027027 | BE8: 31.32 | BF8: =+IF(AVANCE[[#This Row],[% AVANCE]]=100%,"MODULO TERMINADO",IF(AVANCE[[#This Row],[FECHA INICIO REAL]]="","MODULO NO INICIADO","PENDIENTE")) -> MODULO TERMINADO | BG8: =+IF(AVANCE[[#This Row],[VENTANAS]]=8.10810810810811%,100%,AVANCE[[#This Row],[VENTANAS]]) -> 1 | BH8: =+IF(AVANCE[[#This Row],[PISO]]=N$2,100%,AVANCE[[#This Row],[PISO]]) -> 1 | BI8: =+IF(AVANCE[[#This Row],[TABIQUES]]=O$2,100%,AVANCE[[#This Row],[TABIQUES]]) -> 1 | BJ8: =+IF(AVANCE[[#This Row],[MUROS]]=P$2,100%,AVANCE[[#This Row],[MUROS]]) -> 1 | BK8: =+IF(AVANCE[[#This Row],[CIELO]]=Q$2,100%,AVANCE[[#This Row],[CIELO]]) -> 1 | BL8: =+IF(AVANCE[[#This Row],[BALCÓN]]=R$2,100%,AVANCE[[#This Row],[BALCÓN]]) -> 1 | BM8: =+IF(AVANCE[[#This Row],[RED ALCANTARILLADO]]=U$2,100%,AVANCE[[#This Row],[RED ALCANTARILLADO]]) -> 1 | BN8: =+IF(AVANCE[[#This Row],[RED DE AGUA]]=V$2,100%,AVANCE[[#This Row],[RED DE AGUA]]) -> 1 | BO8: =+IF(AVANCE[[#This Row],[VENTILACIONES]]=W$2,100%,AVANCE[[#This Row],[VENTILACIONES]]) -> 1 | BP8: =+IF(AVANCE[[#This Row],[TINA]]=X$2,100%,AVANCE[[#This Row],[TINA]]) -> 1 | BQ8: =+IF(AVANCE[[#This Row],[WC]]=Y$2,100%,AVANCE[[#This Row],[WC]]) -> 1 | BR8: =+IF(AVANCE[[#This Row],[LAVAMANOS / LAVAPLATOS / LAVADERO]]=Z$2,100%,AVANCE[[#This Row],[LAVAMANOS / LAVAPLATOS / LAVADERO]]) -> 1 | BS8: =+IF(AVANCE[[#This Row],[CANALIZACIÓN]]=AC$2,100%,AVANCE[[#This Row],[CANALIZACIÓN]]) -> 1 | BT8: =+IF(AVANCE[[#This Row],[CABLEADO]]=AD$2,100%,AVANCE[[#This Row],[CABLEADO]]) -> 1 | BU8: =+IF(AVANCE[[#This Row],[ARTEFACTOS]]=AE$2,100%,AVANCE[[#This Row],[ARTEFACTOS]]) -> 1 | BV8: =+IF(AVANCE[[#This Row],[TABLERO]]=AF$2,100%,AVANCE[[#This Row],[TABLERO]]) -> 1 | BW8: =+IF(AVANCE[[#This Row],[CAJA PAU]]=AG$2,100%,AVANCE[[#This Row],[CAJA PAU]]) -> 1 | BX8: =+IF(AVANCE[[#This Row],[INSTALACION VINILICO]]=AJ$2,100%,AVANCE[[#This Row],[INSTALACION VINILICO]]) -> 1 | BY8: =+IF(AVANCE[[#This Row],[OSB CUBIERTA]]=AK$2,100%,AVANCE[[#This Row],[OSB CUBIERTA]]) -> 1 | BZ8: =+IF(AVANCE[[#This Row],[BARANDA BALCON]]=AL$2,100%,AVANCE[[#This Row],[BARANDA BALCON]]) -> 1 | CA8: =+IF(AVANCE[[#This Row],[OSB EXTERIOR]]=AM$2,100%,AVANCE[[#This Row],[OSB EXTERIOR]]) -> 1 | CB8: =+IF(AVANCE[[#This Row],[SMART PANEL]]=AN$2,100%,AVANCE[[#This Row],[SMART PANEL]]) -> 1 | CC8: =+IF(AVANCE[[#This Row],[PINTURA EXTERIOR]]=AO$2,100%,AVANCE[[#This Row],[PINTURA EXTERIOR]]) -> 1 | CD8: =+IF(AVANCE[[#This Row],[ZOCALOS LOGIA]]=AP$2,100%,AVANCE[[#This Row],[ZOCALOS LOGIA]]) -> 1 | CE8: =+IF(AVANCE[[#This Row],[MOLDURAS]]=AQ$2,100%,AVANCE[[#This Row],[MOLDURAS]]) -> 1 | CF8: =+IF(AVANCE[[#This Row],[PILASTREO]]=AR$2,100%,AVANCE[[#This Row],[PILASTREO]]) -> 1 | CG8: =+IF(AVANCE[[#This Row],[CELOSIAS]]=AS$2,100%,AVANCE[[#This Row],[CELOSIAS]]) -> 1 | CH8: =+IF(AVANCE[[#This Row],[VENTANAS]]=AT$2,100%,AVANCE[[#This Row],[VENTANAS]]) -> 1 | CI8: =+IF(AVANCE[[#This Row],[PUERTAS ACCESO - LOGIA - BANO]]=AU$2,100%,AVANCE[[#This Row],[PUERTAS ACCESO - LOGIA - BANO]]) -> 1 | CJ8: =+IF(AVANCE[[#This Row],[CERRADURAS]]=AV$2,100%,AVANCE[[#This Row],[CERRADURAS]]) -> 1 | CK8: =+IF(AVANCE[[#This Row],[REVESTIMIENTO INTERIOR ZONA SECA]]=AW$2,100%,AVANCE[[#This Row],[REVESTIMIENTO INTERIOR ZONA SECA]]) -> 1 | CL8: =+IF(AVANCE[[#This Row],[REVESTIMIENTO INTERIOR ZONAS HUMEDAS]]=AX$2,100%,AVANCE[[#This Row],[REVESTIMIENTO INTERIOR ZONAS HUMEDAS]]) -> 1 | CM8: =+IF(AVANCE[[#This Row],[MEMBRANA CIELO]]=AY$2,100%,AVANCE[[#This Row],[MEMBRANA CIELO]]) -> 1 | CN8: =+IF(AVANCE[[#This Row],[LIMPIEZA FINAL]]=AZ$2,100%,AVANCE[[#This Row],[LIMPIEZA FINAL]]) -> 1 | CO8: =+IF(AVANCE[[#This Row],[PUERTAS DORMITORIO]]=BA$2,100%,AVANCE[[#This Row],[PUERTAS DORMITORIO]]) -> 1 | CP8: =+IF(AVANCE[[#This Row],[REVESTIMIENTO INTERIOR BANO]]=BB$2,100%,AVANCE[[#This Row],[REVESTIMIENTO INTERIOR BANO]]) -> 1 | CQ8: =+IF(AVANCE[[#This Row],[MUEBLE LAVAPLATOS]]=BC$2,100%,AVANCE[[#This Row],[MUEBLE LAVAPLATOS]]) -> 1 | CR8: =+IF(AVANCE[[#This Row],[IMPERMEABILIZACION BANO - COCINA LOGIA]]=BD$2,100%,AVANCE[[#This Row],[IMPERMEABILIZACION BANO - COCINA LOGIA]]) -> 1 | CS8: =+IF(AVANCE[[#This Row],[ESTADO MODULO]]="PENDIENTE",(TODAY()-AVANCE[[#This Row],[FECHA TERMINO PLANIFICADO]]),0) -> 0 | CT8: {=_xlfn.TEXTJOIN(" | ",TRUE,IF(SUMPRODUCT((BG8:CR8<1)*(PARTIDAS!$I$2:$AT$2="OBRA GRUESA"))>0,"OBRA GRUESA: "&_xlfn.TEXTJOIN(", ",TRUE,IF((BG8:CR8<1)*(PARTIDAS!$I$2:$AT$2="OBRA GRUESA"),PARTIDAS!$I$1:$AT$1,"")),""),IF(SUMPRODUCT((BG8:CR8<1)*(PARTIDAS!$I$2:$AT$2="SANITARIOS"))>0,"SANITARIOS: "&_xlfn.TEXTJOIN(", ",TRUE,IF((BG8:CR8<1)*(PARTIDAS!$I$2:$AT$2="SANITARIOS"),PARTIDAS!$I$1:$AT$1,"")),""),IF(SUMPRODUCT((BG8:CR8<1)*(PARTIDAS!$I$2:$AT$2="ELÉCTRICO"))>0,"ELÉCTRICO: "&_xlfn.TEXTJOIN(", ",TRUE,IF((BG8:CR8<1)*(PARTIDAS!$I$2:$AT$2="ELÉCTRICO"),PARTIDAS!$I$1:$AT$1,"")),""),IF(SUMPRODUCT((BG8:CR8<1)*(PARTIDAS!$I$2:$AT$2="TERMINACIONES"))>0,"TERMINACIONES: "&_xlfn.TEXTJOIN(", ",TRUE,IF((BG8:CR8<1)*(PARTIDAS!$I$2:$AT$2="TERMINACIONES"),PARTIDAS!$I$1:$AT$1,"")),""))} | CU8: {=_xlfn.TEXTJOIN(", ",TRUE,IF(SUMPRODUCT((BG8:CR8<1)*(PARTIDAS!$I$2:$AT$2="OBRA GRUESA"))>0,"OBRA GRUESA",""),IF(SUMPRODUCT((BG8:CR8<1)*(PARTIDAS!$I$2:$AT$2="SANITARIOS"))>0,"SANITARIOS",""),IF(SUMPRODUCT((BG8:CR8<1)*(PARTIDAS!$I$2:$AT$2="ELÉCTRICO"))>0,"ELÉCTRICO",""),IF(SUMPRODUCT((BG8:CR8<1)*(PARTIDAS!$I$2:$AT$2="TERMINACIONES"))>0,"TERMINACIONES",""))} | CV8: {=SUMPRODUCT(--(BG8:CR8<1))} -> 0
A9: TORRE 01 | B9: M-00008 | C9: 2282600008 | D9: SECO | E9: 1 | F9: 46106 | G9: 46106 | H9: 46177 | I9: 46148 | K9: 46177 | L9: 0.43 | M9: 1 | N9: 0.27906977 | O9: 0.18604651 | P9: 0.25581395 | Q9: 0.18604651 | R9: 0.093023256 | S9: 0.09 | T9: 1 | U9: 0.22222222 | V9: 0.22222222 | W9: 0.11111111 | X9: 0.11111111 | Y9: 0.11111111 | Z9: 0.22222222 | AA9: 0.11 | AB9: 1 | AC9: 0.27272727 | AD9: 0.27272727 | AE9: 0.090909091 | AF9: 0.18181818 | AG9: 0.18181818 | AH9: 0.37 | AI9: 1 | AJ9: 0.054054054 | AK9: 0.054054054 | AL9: 0.027027027 | AM9: 0.081081081 | AN9: 0.081081081 | AO9: 0.067567568 | AP9: 0.054054054 | AQ9: 0.013513514 | AR9: 0.040540541 | AS9: 0.013513514 | AT9: 0.081081081 | AU9: 0.054054054 | AV9: 0.027027027 | AW9: 0.054054054 | AX9: 0.054054054 | AY9: 0.027027027 | AZ9: 0.040540541 | BA9: 0.054054054 | BB9: 0.081081081 | BC9: 0.013513514 | BD9: 0.027027027 | BE9: 28.87 | BF9: =+IF(AVANCE[[#This Row],[% AVANCE]]=100%,"MODULO TERMINADO",IF(AVANCE[[#This Row],[FECHA INICIO REAL]]="","MODULO NO INICIADO","PENDIENTE")) -> MODULO TERMINADO | BG9: =+IF(AVANCE[[#This Row],[VENTANAS]]=8.10810810810811%,100%,AVANCE[[#This Row],[VENTANAS]]) -> 1 | BH9: =+IF(AVANCE[[#This Row],[PISO]]=N$2,100%,AVANCE[[#This Row],[PISO]]) -> 1 | BI9: =+IF(AVANCE[[#This Row],[TABIQUES]]=O$2,100%,AVANCE[[#This Row],[TABIQUES]]) -> 1 | BJ9: =+IF(AVANCE[[#This Row],[MUROS]]=P$2,100%,AVANCE[[#This Row],[MUROS]]) -> 1 | BK9: =+IF(AVANCE[[#This Row],[CIELO]]=Q$2,100%,AVANCE[[#This Row],[CIELO]]) -> 1 | BL9: =+IF(AVANCE[[#This Row],[BALCÓN]]=R$2,100%,AVANCE[[#This Row],[BALCÓN]]) -> 1 | BM9: =+IF(AVANCE[[#This Row],[RED ALCANTARILLADO]]=U$2,100%,AVANCE[[#This Row],[RED ALCANTARILLADO]]) -> 1 | BN9: =+IF(AVANCE[[#This Row],[RED DE AGUA]]=V$2,100%,AVANCE[[#This Row],[RED DE AGUA]]) -> 1 | BO9: =+IF(AVANCE[[#This Row],[VENTILACIONES]]=W$2,100%,AVANCE[[#This Row],[VENTILACIONES]]) -> 1 | BP9: =+IF(AVANCE[[#This Row],[TINA]]=X$2,100%,AVANCE[[#This Row],[TINA]]) -> 1 | BQ9: =+IF(AVANCE[[#This Row],[WC]]=Y$2,100%,AVANCE[[#This Row],[WC]]) -> 1 | BR9: =+IF(AVANCE[[#This Row],[LAVAMANOS / LAVAPLATOS / LAVADERO]]=Z$2,100%,AVANCE[[#This Row],[LAVAMANOS / LAVAPLATOS / LAVADERO]]) -> 1 | BS9: =+IF(AVANCE[[#This Row],[CANALIZACIÓN]]=AC$2,100%,AVANCE[[#This Row],[CANALIZACIÓN]]) -> 1 | BT9: =+IF(AVANCE[[#This Row],[CABLEADO]]=AD$2,100%,AVANCE[[#This Row],[CABLEADO]]) -> 1 | BU9: =+IF(AVANCE[[#This Row],[ARTEFACTOS]]=AE$2,100%,AVANCE[[#This Row],[ARTEFACTOS]]) -> 1 | BV9: =+IF(AVANCE[[#This Row],[TABLERO]]=AF$2,100%,AVANCE[[#This Row],[TABLERO]]) -> 1 | BW9: =+IF(AVANCE[[#This Row],[CAJA PAU]]=AG$2,100%,AVANCE[[#This Row],[CAJA PAU]]) -> 1 | BX9: =+IF(AVANCE[[#This Row],[INSTALACION VINILICO]]=AJ$2,100%,AVANCE[[#This Row],[INSTALACION VINILICO]]) -> 1 | BY9: =+IF(AVANCE[[#This Row],[OSB CUBIERTA]]=AK$2,100%,AVANCE[[#This Row],[OSB CUBIERTA]]) -> 1 | BZ9: =+IF(AVANCE[[#This Row],[BARANDA BALCON]]=AL$2,100%,AVANCE[[#This Row],[BARANDA BALCON]]) -> 1 | CA9: =+IF(AVANCE[[#This Row],[OSB EXTERIOR]]=AM$2,100%,AVANCE[[#This Row],[OSB EXTERIOR]]) -> 1 | CB9: =+IF(AVANCE[[#This Row],[SMART PANEL]]=AN$2,100%,AVANCE[[#This Row],[SMART PANEL]]) -> 1 | CC9: =+IF(AVANCE[[#This Row],[PINTURA EXTERIOR]]=AO$2,100%,AVANCE[[#This Row],[PINTURA EXTERIOR]]) -> 1 | CD9: =+IF(AVANCE[[#This Row],[ZOCALOS LOGIA]]=AP$2,100%,AVANCE[[#This Row],[ZOCALOS LOGIA]]) -> 1 | CE9: =+IF(AVANCE[[#This Row],[MOLDURAS]]=AQ$2,100%,AVANCE[[#This Row],[MOLDURAS]]) -> 1 | CF9: =+IF(AVANCE[[#This Row],[PILASTREO]]=AR$2,100%,AVANCE[[#This Row],[PILASTREO]]) -> 1 | CG9: =+IF(AVANCE[[#This Row],[CELOSIAS]]=AS$2,100%,AVANCE[[#This Row],[CELOSIAS]]) -> 1 | CH9: =+IF(AVANCE[[#This Row],[VENTANAS]]=AT$2,100%,AVANCE[[#This Row],[VENTANAS]]) -> 1 | CI9: =+IF(AVANCE[[#This Row],[PUERTAS ACCESO - LOGIA - BANO]]=AU$2,100%,AVANCE[[#This Row],[PUERTAS ACCESO - LOGIA - BANO]]) -> 1 | CJ9: =+IF(AVANCE[[#This Row],[CERRADURAS]]=AV$2,100%,AVANCE[[#This Row],[CERRADURAS]]) -> 1 | CK9: =+IF(AVANCE[[#This Row],[REVESTIMIENTO INTERIOR ZONA SECA]]=AW$2,100%,AVANCE[[#This Row],[REVESTIMIENTO INTERIOR ZONA SECA]]) -> 1 | CL9: =+IF(AVANCE[[#This Row],[REVESTIMIENTO INTERIOR ZONAS HUMEDAS]]=AX$2,100%,AVANCE[[#This Row],[REVESTIMIENTO INTERIOR ZONAS HUMEDAS]]) -> 1 | CM9: =+IF(AVANCE[[#This Row],[MEMBRANA CIELO]]=AY$2,100%,AVANCE[[#This Row],[MEMBRANA CIELO]]) -> 1 | CN9: =+IF(AVANCE[[#This Row],[LIMPIEZA FINAL]]=AZ$2,100%,AVANCE[[#This Row],[LIMPIEZA FINAL]]) -> 1 | CO9: =+IF(AVANCE[[#This Row],[PUERTAS DORMITORIO]]=BA$2,100%,AVANCE[[#This Row],[PUERTAS DORMITORIO]]) -> 1 | CP9: =+IF(AVANCE[[#This Row],[REVESTIMIENTO INTERIOR BANO]]=BB$2,100%,AVANCE[[#This Row],[REVESTIMIENTO INTERIOR BANO]]) -> 1 | CQ9: =+IF(AVANCE[[#This Row],[MUEBLE LAVAPLATOS]]=BC$2,100%,AVANCE[[#This Row],[MUEBLE LAVAPLATOS]]) -> 1 | CR9: =+IF(AVANCE[[#This Row],[IMPERMEABILIZACION BANO - COCINA LOGIA]]=BD$2,100%,AVANCE[[#This Row],[IMPERMEABILIZACION BANO - COCINA LOGIA]]) -> 1 | CS9: =+IF(AVANCE[[#This Row],[ESTADO MODULO]]="PENDIENTE",(TODAY()-AVANCE[[#This Row],[FECHA TERMINO PLANIFICADO]]),0) -> 0 | CT9: {=_xlfn.TEXTJOIN(" | ",TRUE,IF(SUMPRODUCT((BG9:CR9<1)*(PARTIDAS!$I$2:$AT$2="OBRA GRUESA"))>0,"OBRA GRUESA: "&_xlfn.TEXTJOIN(", ",TRUE,IF((BG9:CR9<1)*(PARTIDAS!$I$2:$AT$2="OBRA GRUESA"),PARTIDAS!$I$1:$AT$1,"")),""),IF(SUMPRODUCT((BG9:CR9<1)*(PARTIDAS!$I$2:$AT$2="SANITARIOS"))>0,"SANITARIOS: "&_xlfn.TEXTJOIN(", ",TRUE,IF((BG9:CR9<1)*(PARTIDAS!$I$2:$AT$2="SANITARIOS"),PARTIDAS!$I$1:$AT$1,"")),""),IF(SUMPRODUCT((BG9:CR9<1)*(PARTIDAS!$I$2:$AT$2="ELÉCTRICO"))>0,"ELÉCTRICO: "&_xlfn.TEXTJOIN(", ",TRUE,IF((BG9:CR9<1)*(PARTIDAS!$I$2:$AT$2="ELÉCTRICO"),PARTIDAS!$I$1:$AT$1,"")),""),IF(SUMPRODUCT((BG9:CR9<1)*(PARTIDAS!$I$2:$AT$2="TERMINACIONES"))>0,"TERMINACIONES: "&_xlfn.TEXTJOIN(", ",TRUE,IF((BG9:CR9<1)*(PARTIDAS!$I$2:$AT$2="TERMINACIONES"),PARTIDAS!$I$1:$AT$1,"")),""))} | CU9: {=_xlfn.TEXTJOIN(", ",TRUE,IF(SUMPRODUCT((BG9:CR9<1)*(PARTIDAS!$I$2:$AT$2="OBRA GRUESA"))>0,"OBRA GRUESA",""),IF(SUMPRODUCT((BG9:CR9<1)*(PARTIDAS!$I$2:$AT$2="SANITARIOS"))>0,"SANITARIOS",""),IF(SUMPRODUCT((BG9:CR9<1)*(PARTIDAS!$I$2:$AT$2="ELÉCTRICO"))>0,"ELÉCTRICO",""),IF(SUMPRODUCT((BG9:CR9<1)*(PARTIDAS!$I$2:$AT$2="TERMINACIONES"))>0,"TERMINACIONES",""))} | CV9: {=SUMPRODUCT(--(BG9:CR9<1))} -> 0
A10: TORRE 01 | B10: M-00009 | C10: 2282600009 | D10: SECO | E10: 1 | F10: 46070 | G10: 46070 | H10: 46156 | I10: 46134 | K10: 46156 | L10: 0.43 | M10: 1 | N10: 0.27906977 | O10: 0.18604651 | P10: 0.25581395 | Q10: 0.18604651 | R10: 0.093023256 | S10: 0.09 | T10: 1 | U10: 0.22222222 | V10: 0.22222222 | W10: 0.11111111 | X10: 0.11111111 | Y10: 0.11111111 | Z10: 0.22222222 | AA10: 0.11 | AB10: 1 | AC10: 0.27272727 | AD10: 0.27272727 | AE10: 0.090909091 | AF10: 0.18181818 | AG10: 0.18181818 | AH10: 0.37 | AI10: 1 | AJ10: 0.054054054 | AK10: 0.054054054 | AL10: 0.027027027 | AM10: 0.081081081 | AN10: 0.081081081 | AO10: 0.067567568 | AP10: 0.054054054 | AQ10: 0.013513514 | AR10: 0.040540541 | AS10: 0.013513514 | AT10: 0.081081081 | AU10: 0.054054054 | AV10: 0.027027027 | AW10: 0.054054054 | AX10: 0.054054054 | AY10: 0.027027027 | AZ10: 0.040540541 | BA10: 0.054054054 | BB10: 0.081081081 | BC10: 0.013513514 | BD10: 0.027027027 | BE10: 28.87 | BF10: =+IF(AVANCE[[#This Row],[% AVANCE]]=100%,"MODULO TERMINADO",IF(AVANCE[[#This Row],[FECHA INICIO REAL]]="","MODULO NO INICIADO","PENDIENTE")) -> MODULO TERMINADO | BG10: =+IF(AVANCE[[#This Row],[VENTANAS]]=8.10810810810811%,100%,AVANCE[[#This Row],[VENTANAS]]) -> 1 | BH10: =+IF(AVANCE[[#This Row],[PISO]]=N$2,100%,AVANCE[[#This Row],[PISO]]) -> 1 | BI10: =+IF(AVANCE[[#This Row],[TABIQUES]]=O$2,100%,AVANCE[[#This Row],[TABIQUES]]) -> 1 | BJ10: =+IF(AVANCE[[#This Row],[MUROS]]=P$2,100%,AVANCE[[#This Row],[MUROS]]) -> 1 | BK10: =+IF(AVANCE[[#This Row],[CIELO]]=Q$2,100%,AVANCE[[#This Row],[CIELO]]) -> 1 | BL10: =+IF(AVANCE[[#This Row],[BALCÓN]]=R$2,100%,AVANCE[[#This Row],[BALCÓN]]) -> 1 | BM10: =+IF(AVANCE[[#This Row],[RED ALCANTARILLADO]]=U$2,100%,AVANCE[[#This Row],[RED ALCANTARILLADO]]) -> 1 | BN10: =+IF(AVANCE[[#This Row],[RED DE AGUA]]=V$2,100%,AVANCE[[#This Row],[RED DE AGUA]]) -> 1 | BO10: =+IF(AVANCE[[#This Row],[VENTILACIONES]]=W$2,100%,AVANCE[[#This Row],[VENTILACIONES]]) -> 1 | BP10: =+IF(AVANCE[[#This Row],[TINA]]=X$2,100%,AVANCE[[#This Row],[TINA]]) -> 1 | BQ10: =+IF(AVANCE[[#This Row],[WC]]=Y$2,100%,AVANCE[[#This Row],[WC]]) -> 1 | BR10: =+IF(AVANCE[[#This Row],[LAVAMANOS / LAVAPLATOS / LAVADERO]]=Z$2,100%,AVANCE[[#This Row],[LAVAMANOS / LAVAPLATOS / LAVADERO]]) -> 1 | BS10: =+IF(AVANCE[[#This Row],[CANALIZACIÓN]]=AC$2,100%,AVANCE[[#This Row],[CANALIZACIÓN]]) -> 1 | BT10: =+IF(AVANCE[[#This Row],[CABLEADO]]=AD$2,100%,AVANCE[[#This Row],[CABLEADO]]) -> 1 | BU10: =+IF(AVANCE[[#This Row],[ARTEFACTOS]]=AE$2,100%,AVANCE[[#This Row],[ARTEFACTOS]]) -> 1 | BV10: =+IF(AVANCE[[#This Row],[TABLERO]]=AF$2,100%,AVANCE[[#This Row],[TABLERO]]) -> 1 | BW10: =+IF(AVANCE[[#This Row],[CAJA PAU]]=AG$2,100%,AVANCE[[#This Row],[CAJA PAU]]) -> 1 | BX10: =+IF(AVANCE[[#This Row],[INSTALACION VINILICO]]=AJ$2,100%,AVANCE[[#This Row],[INSTALACION VINILICO]]) -> 1 | BY10: =+IF(AVANCE[[#This Row],[OSB CUBIERTA]]=AK$2,100%,AVANCE[[#This Row],[OSB CUBIERTA]]) -> 1 | BZ10: =+IF(AVANCE[[#This Row],[BARANDA BALCON]]=AL$2,100%,AVANCE[[#This Row],[BARANDA BALCON]]) -> 1 | CA10: =+IF(AVANCE[[#This Row],[OSB EXTERIOR]]=AM$2,100%,AVANCE[[#This Row],[OSB EXTERIOR]]) -> 1 | CB10: =+IF(AVANCE[[#This Row],[SMART PANEL]]=AN$2,100%,AVANCE[[#This Row],[SMART PANEL]]) -> 1 | CC10: =+IF(AVANCE[[#This Row],[PINTURA EXTERIOR]]=AO$2,100%,AVANCE[[#This Row],[PINTURA EXTERIOR]]) -> 1 | CD10: =+IF(AVANCE[[#This Row],[ZOCALOS LOGIA]]=AP$2,100%,AVANCE[[#This Row],[ZOCALOS LOGIA]]) -> 1 | CE10: =+IF(AVANCE[[#This Row],[MOLDURAS]]=AQ$2,100%,AVANCE[[#This Row],[MOLDURAS]]) -> 1 | CF10: =+IF(AVANCE[[#This Row],[PILASTREO]]=AR$2,100%,AVANCE[[#This Row],[PILASTREO]]) -> 1 | CG10: =+IF(AVANCE[[#This Row],[CELOSIAS]]=AS$2,100%,AVANCE[[#This Row],[CELOSIAS]]) -> 1 | CH10: =+IF(AVANCE[[#This Row],[VENTANAS]]=AT$2,100%,AVANCE[[#This Row],[VENTANAS]]) -> 1 | CI10: =+IF(AVANCE[[#This Row],[PUERTAS ACCESO - LOGIA - BANO]]=AU$2,100%,AVANCE[[#This Row],[PUERTAS ACCESO - LOGIA - BANO]]) -> 1 | CJ10: =+IF(AVANCE[[#This Row],[CERRADURAS]]=AV$2,100%,AVANCE[[#This Row],[CERRADURAS]]) -> 1 | CK10: =+IF(AVANCE[[#This Row],[REVESTIMIENTO INTERIOR ZONA SECA]]=AW$2,100%,AVANCE[[#This Row],[REVESTIMIENTO INTERIOR ZONA SECA]]) -> 1 | CL10: =+IF(AVANCE[[#This Row],[REVESTIMIENTO INTERIOR ZONAS HUMEDAS]]=AX$2,100%,AVANCE[[#This Row],[REVESTIMIENTO INTERIOR ZONAS HUMEDAS]]) -> 1 | CM10: =+IF(AVANCE[[#This Row],[MEMBRANA CIELO]]=AY$2,100%,AVANCE[[#This Row],[MEMBRANA CIELO]]) -> 1 | CN10: =+IF(AVANCE[[#This Row],[LIMPIEZA FINAL]]=AZ$2,100%,AVANCE[[#This Row],[LIMPIEZA FINAL]]) -> 1 | CO10: =+IF(AVANCE[[#This Row],[PUERTAS DORMITORIO]]=BA$2,100%,AVANCE[[#This Row],[PUERTAS DORMITORIO]]) -> 1 | CP10: =+IF(AVANCE[[#This Row],[REVESTIMIENTO INTERIOR BANO]]=BB$2,100%,AVANCE[[#This Row],[REVESTIMIENTO INTERIOR BANO]]) -> 1 | CQ10: =+IF(AVANCE[[#This Row],[MUEBLE LAVAPLATOS]]=BC$2,100%,AVANCE[[#This Row],[MUEBLE LAVAPLATOS]]) -> 1 | CR10: =+IF(AVANCE[[#This Row],[IMPERMEABILIZACION BANO - COCINA LOGIA]]=BD$2,100%,AVANCE[[#This Row],[IMPERMEABILIZACION BANO - COCINA LOGIA]]) -> 1 | CS10: =+IF(AVANCE[[#This Row],[ESTADO MODULO]]="PENDIENTE",(TODAY()-AVANCE[[#This Row],[FECHA TERMINO PLANIFICADO]]),0) -> 0 | CT10: {=_xlfn.TEXTJOIN(" | ",TRUE,IF(SUMPRODUCT((BG10:CR10<1)*(PARTIDAS!$I$2:$AT$2="OBRA GRUESA"))>0,"OBRA GRUESA: "&_xlfn.TEXTJOIN(", ",TRUE,IF((BG10:CR10<1)*(PARTIDAS!$I$2:$AT$2="OBRA GRUESA"),PARTIDAS!$I$1:$AT$1,"")),""),IF(SUMPRODUCT((BG10:CR10<1)*(PARTIDAS!$I$2:$AT$2="SANITARIOS"))>0,"SANITARIOS: "&_xlfn.TEXTJOIN(", ",TRUE,IF((BG10:CR10<1)*(PARTIDAS!$I$2:$AT$2="SANITARIOS"),PARTIDAS!$I$1:$AT$1,"")),""),IF(SUMPRODUCT((BG10:CR10<1)*(PARTIDAS!$I$2:$AT$2="ELÉCTRICO"))>0,"ELÉCTRICO: "&_xlfn.TEXTJOIN(", ",TRUE,IF((BG10:CR10<1)*(PARTIDAS!$I$2:$AT$2="ELÉCTRICO"),PARTIDAS!$I$1:$AT$1,"")),""),IF(SUMPRODUCT((BG10:CR10<1)*(PARTIDAS!$I$2:$AT$2="TERMINACIONES"))>0,"TERMINACIONES: "&_xlfn.TEXTJOIN(", ",TRUE,IF((BG10:CR10<1)*(PARTIDAS!$I$2:$AT$2="TERMINACIONES"),PARTIDAS!$I$1:$AT$1,"")),""))} | CU10: {=_xlfn.TEXTJOIN(", ",TRUE,IF(SUMPRODUCT((BG10:CR10<1)*(PARTIDAS!$I$2:$AT$2="OBRA GRUESA"))>0,"OBRA GRUESA",""),IF(SUMPRODUCT((BG10:CR10<1)*(PARTIDAS!$I$2:$AT$2="SANITARIOS"))>0,"SANITARIOS",""),IF(SUMPRODUCT((BG10:CR10<1)*(PARTIDAS!$I$2:$AT$2="ELÉCTRICO"))>0,"ELÉCTRICO",""),IF(SUMPRODUCT((BG10:CR10<1)*(PARTIDAS!$I$2:$AT$2="TERMINACIONES"))>0,"TERMINACIONES",""))} | CV10: {=SUMPRODUCT(--(BG10:CR10<1))} -> 0
A11: TORRE 01 | B11: M-00010 | C11: 2302600010 | D11: HUMEDO | E11: 1 | F11: 46070 | G11: 46070 | H11: 46156 | I11: 46134 | K11: 46156 | L11: 0.43 | M11: 1 | N11: 0.27906977 | O11: 0.18604651 | P11: 0.25581395 | Q11: 0.18604651 | R11: 0.093023256 | S11: 0.09 | T11: 1 | U11: 0.22222222 | V11: 0.22222222 | W11: 0.11111111 | X11: 0.11111111 | Y11: 0.11111111 | Z11: 0.22222222 | AA11: 0.11 | AB11: 1 | AC11: 0.27272727 | AD11: 0.27272727 | AE11: 0.090909091 | AF11: 0.18181818 | AG11: 0.18181818 | AH11: 0.37 | AI11: 1 | AJ11: 0.054054054 | AK11: 0.054054054 | AL11: 0.027027027 | AM11: 0.081081081 | AN11: 0.081081081 | AO11: 0.067567568 | AP11: 0.054054054 | AQ11: 0.013513514 | AR11: 0.040540541 | AS11: 0.013513514 | AT11: 0.081081081 | AU11: 0.054054054 | AV11: 0.027027027 | AW11: 0.054054054 | AX11: 0.054054054 | AY11: 0.027027027 | AZ11: 0.040540541 | BA11: 0.054054054 | BB11: 0.081081081 | BC11: 0.013513514 | BD11: 0.027027027 | BE11: 31.32 | BF11: =+IF(AVANCE[[#This Row],[% AVANCE]]=100%,"MODULO TERMINADO",IF(AVANCE[[#This Row],[FECHA INICIO REAL]]="","MODULO NO INICIADO","PENDIENTE")) -> MODULO TERMINADO | BG11: =+IF(AVANCE[[#This Row],[VENTANAS]]=8.10810810810811%,100%,AVANCE[[#This Row],[VENTANAS]]) -> 1 | BH11: =+IF(AVANCE[[#This Row],[PISO]]=N$2,100%,AVANCE[[#This Row],[PISO]]) -> 1 | BI11: =+IF(AVANCE[[#This Row],[TABIQUES]]=O$2,100%,AVANCE[[#This Row],[TABIQUES]]) -> 1 | BJ11: =+IF(AVANCE[[#This Row],[MUROS]]=P$2,100%,AVANCE[[#This Row],[MUROS]]) -> 1 | BK11: =+IF(AVANCE[[#This Row],[CIELO]]=Q$2,100%,AVANCE[[#This Row],[CIELO]]) -> 1 | BL11: =+IF(AVANCE[[#This Row],[BALCÓN]]=R$2,100%,AVANCE[[#This Row],[BALCÓN]]) -> 1 | BM11: =+IF(AVANCE[[#This Row],[RED ALCANTARILLADO]]=U$2,100%,AVANCE[[#This Row],[RED ALCANTARILLADO]]) -> 1 | BN11: =+IF(AVANCE[[#This Row],[RED DE AGUA]]=V$2,100%,AVANCE[[#This Row],[RED DE AGUA]]) -> 1 | BO11: =+IF(AVANCE[[#This Row],[VENTILACIONES]]=W$2,100%,AVANCE[[#This Row],[VENTILACIONES]]) -> 1 | BP11: =+IF(AVANCE[[#This Row],[TINA]]=X$2,100%,AVANCE[[#This Row],[TINA]]) -> 1 | BQ11: =+IF(AVANCE[[#This Row],[WC]]=Y$2,100%,AVANCE[[#This Row],[WC]]) -> 1 | BR11: =+IF(AVANCE[[#This Row],[LAVAMANOS / LAVAPLATOS / LAVADERO]]=Z$2,100%,AVANCE[[#This Row],[LAVAMANOS / LAVAPLATOS / LAVADERO]]) -> 1 | BS11: =+IF(AVANCE[[#This Row],[CANALIZACIÓN]]=AC$2,100%,AVANCE[[#This Row],[CANALIZACIÓN]]) -> 1 | BT11: =+IF(AVANCE[[#This Row],[CABLEADO]]=AD$2,100%,AVANCE[[#This Row],[CABLEADO]]) -> 1 | BU11: =+IF(AVANCE[[#This Row],[ARTEFACTOS]]=AE$2,100%,AVANCE[[#This Row],[ARTEFACTOS]]) -> 1 | BV11: =+IF(AVANCE[[#This Row],[TABLERO]]=AF$2,100%,AVANCE[[#This Row],[TABLERO]]) -> 1 | BW11: =+IF(AVANCE[[#This Row],[CAJA PAU]]=AG$2,100%,AVANCE[[#This Row],[CAJA PAU]]) -> 1 | BX11: =+IF(AVANCE[[#This Row],[INSTALACION VINILICO]]=AJ$2,100%,AVANCE[[#This Row],[INSTALACION VINILICO]]) -> 1 | BY11: =+IF(AVANCE[[#This Row],[OSB CUBIERTA]]=AK$2,100%,AVANCE[[#This Row],[OSB CUBIERTA]]) -> 1 | BZ11: =+IF(AVANCE[[#This Row],[BARANDA BALCON]]=AL$2,100%,AVANCE[[#This Row],[BARANDA BALCON]]) -> 1 | CA11: =+IF(AVANCE[[#This Row],[OSB EXTERIOR]]=AM$2,100%,AVANCE[[#This Row],[OSB EXTERIOR]]) -> 1 | CB11: =+IF(AVANCE[[#This Row],[SMART PANEL]]=AN$2,100%,AVANCE[[#This Row],[SMART PANEL]]) -> 1 | CC11: =+IF(AVANCE[[#This Row],[PINTURA EXTERIOR]]=AO$2,100%,AVANCE[[#This Row],[PINTURA EXTERIOR]]) -> 1 | CD11: =+IF(AVANCE[[#This Row],[ZOCALOS LOGIA]]=AP$2,100%,AVANCE[[#This Row],[ZOCALOS LOGIA]]) -> 1 | CE11: =+IF(AVANCE[[#This Row],[MOLDURAS]]=AQ$2,100%,AVANCE[[#This Row],[MOLDURAS]]) -> 1 | CF11: =+IF(AVANCE[[#This Row],[PILASTREO]]=AR$2,100%,AVANCE[[#This Row],[PILASTREO]]) -> 1 | CG11: =+IF(AVANCE[[#This Row],[CELOSIAS]]=AS$2,100%,AVANCE[[#This Row],[CELOSIAS]]) -> 1 | CH11: =+IF(AVANCE[[#This Row],[VENTANAS]]=AT$2,100%,AVANCE[[#This Row],[VENTANAS]]) -> 1 | CI11: =+IF(AVANCE[[#This Row],[PUERTAS ACCESO - LOGIA - BANO]]=AU$2,100%,AVANCE[[#This Row],[PUERTAS ACCESO - LOGIA - BANO]]) -> 1 | CJ11: =+IF(AVANCE[[#This Row],[CERRADURAS]]=AV$2,100%,AVANCE[[#This Row],[CERRADURAS]]) -> 1 | CK11: =+IF(AVANCE[[#This Row],[REVESTIMIENTO INTERIOR ZONA SECA]]=AW$2,100%,AVANCE[[#This Row],[REVESTIMIENTO INTERIOR ZONA SECA]]) -> 1 | CL11: =+IF(AVANCE[[#This Row],[REVESTIMIENTO INTERIOR ZONAS HUMEDAS]]=AX$2,100%,AVANCE[[#This Row],[REVESTIMIENTO INTERIOR ZONAS HUMEDAS]]) -> 1 | CM11: =+IF(AVANCE[[#This Row],[MEMBRANA CIELO]]=AY$2,100%,AVANCE[[#This Row],[MEMBRANA CIELO]]) -> 1 | CN11: =+IF(AVANCE[[#This Row],[LIMPIEZA FINAL]]=AZ$2,100%,AVANCE[[#This Row],[LIMPIEZA FINAL]]) -> 1 | CO11: =+IF(AVANCE[[#This Row],[PUERTAS DORMITORIO]]=BA$2,100%,AVANCE[[#This Row],[PUERTAS DORMITORIO]]) -> 1 | CP11: =+IF(AVANCE[[#This Row],[REVESTIMIENTO INTERIOR BANO]]=BB$2,100%,AVANCE[[#This Row],[REVESTIMIENTO INTERIOR BANO]]) -> 1 | CQ11: =+IF(AVANCE[[#This Row],[MUEBLE LAVAPLATOS]]=BC$2,100%,AVANCE[[#This Row],[MUEBLE LAVAPLATOS]]) -> 1 | CR11: =+IF(AVANCE[[#This Row],[IMPERMEABILIZACION BANO - COCINA LOGIA]]=BD$2,100%,AVANCE[[#This Row],[IMPERMEABILIZACION BANO - COCINA LOGIA]]) -> 1 | CS11: =+IF(AVANCE[[#This Row],[ESTADO MODULO]]="PENDIENTE",(TODAY()-AVANCE[[#This Row],[FECHA TERMINO PLANIFICADO]]),0) -> 0 | CT11: {=_xlfn.TEXTJOIN(" | ",TRUE,IF(SUMPRODUCT((BG11:CR11<1)*(PARTIDAS!$I$2:$AT$2="OBRA GRUESA"))>0,"OBRA GRUESA: "&_xlfn.TEXTJOIN(", ",TRUE,IF((BG11:CR11<1)*(PARTIDAS!$I$2:$AT$2="OBRA GRUESA"),PARTIDAS!$I$1:$AT$1,"")),""),IF(SUMPRODUCT((BG11:CR11<1)*(PARTIDAS!$I$2:$AT$2="SANITARIOS"))>0,"SANITARIOS: "&_xlfn.TEXTJOIN(", ",TRUE,IF((BG11:CR11<1)*(PARTIDAS!$I$2:$AT$2="SANITARIOS"),PARTIDAS!$I$1:$AT$1,"")),""),IF(SUMPRODUCT((BG11:CR11<1)*(PARTIDAS!$I$2:$AT$2="ELÉCTRICO"))>0,"ELÉCTRICO: "&_xlfn.TEXTJOIN(", ",TRUE,IF((BG11:CR11<1)*(PARTIDAS!$I$2:$AT$2="ELÉCTRICO"),PARTIDAS!$I$1:$AT$1,"")),""),IF(SUMPRODUCT((BG11:CR11<1)*(PARTIDAS!$I$2:$AT$2="TERMINACIONES"))>0,"TERMINACIONES: "&_xlfn.TEXTJOIN(", ",TRUE,IF((BG11:CR11<1)*(PARTIDAS!$I$2:$AT$2="TERMINACIONES"),PARTIDAS!$I$1:$AT$1,"")),""))} | CU11: {=_xlfn.TEXTJOIN(", ",TRUE,IF(SUMPRODUCT((BG11:CR11<1)*(PARTIDAS!$I$2:$AT$2="OBRA GRUESA"))>0,"OBRA GRUESA",""),IF(SUMPRODUCT((BG11:CR11<1)*(PARTIDAS!$I$2:$AT$2="SANITARIOS"))>0,"SANITARIOS",""),IF(SUMPRODUCT((BG11:CR11<1)*(PARTIDAS!$I$2:$AT$2="ELÉCTRICO"))>0,"ELÉCTRICO",""),IF(SUMPRODUCT((BG11:CR11<1)*(PARTIDAS!$I$2:$AT$2="TERMINACIONES"))>0,"TERMINACIONES",""))} | CV11: {=SUMPRODUCT(--(BG11:CR11<1))} -> 0
A12: TORRE 01 | B12: M-00011 | C12: 2302600011 | D12: HUMEDO | E12: 1 | F12: 46073 | G12: 46073 | H12: 46160 | I12: 46136 | K12: 46160 | L12: 0.43 | M12: 1 | N12: 0.27906977 | O12: 0.18604651 | P12: 0.25581395 | Q12: 0.18604651 | R12: 0.093023256 | S12: 0.09 | T12: 1 | U12: 0.22222222 | V12: 0.22222222 | W12: 0.11111111 | X12: 0.11111111 | Y12: 0.11111111 | Z12: 0.22222222 | AA12: 0.11 | AB12: 1 | AC12: 0.27272727 | AD12: 0.27272727 | AE12: 0.090909091 | AF12: 0.18181818 | AG12: 0.18181818 | AH12: 0.37 | AI12: 1 | AJ12: 0.054054054 | AK12: 0.054054054 | AL12: 0.027027027 | AM12: 0.081081081 | AN12: 0.081081081 | AO12: 0.067567568 | AP12: 0.054054054 | AQ12: 0.013513514 | AR12: 0.040540541 | AS12: 0.013513514 | AT12: 0.081081081 | AU12: 0.054054054 | AV12: 0.027027027 | AW12: 0.054054054 | AX12: 0.054054054 | AY12: 0.027027027 | AZ12: 0.040540541 | BA12: 0.054054054 | BB12: 0.081081081 | BC12: 0.013513514 | BD12: 0.027027027 | BE12: 31.32 | BF12: =+IF(AVANCE[[#This Row],[% AVANCE]]=100%,"MODULO TERMINADO",IF(AVANCE[[#This Row],[FECHA INICIO REAL]]="","MODULO NO INICIADO","PENDIENTE")) -> MODULO TERMINADO | BG12: =+IF(AVANCE[[#This Row],[VENTANAS]]=8.10810810810811%,100%,AVANCE[[#This Row],[VENTANAS]]) -> 1 | BH12: =+IF(AVANCE[[#This Row],[PISO]]=N$2,100%,AVANCE[[#This Row],[PISO]]) -> 1 | BI12: =+IF(AVANCE[[#This Row],[TABIQUES]]=O$2,100%,AVANCE[[#This Row],[TABIQUES]]) -> 1 | BJ12: =+IF(AVANCE[[#This Row],[MUROS]]=P$2,100%,AVANCE[[#This Row],[MUROS]]) -> 1 | BK12: =+IF(AVANCE[[#This Row],[CIELO]]=Q$2,100%,AVANCE[[#This Row],[CIELO]]) -> 1 | BL12: =+IF(AVANCE[[#This Row],[BALCÓN]]=R$2,100%,AVANCE[[#This Row],[BALCÓN]]) -> 1 | BM12: =+IF(AVANCE[[#This Row],[RED ALCANTARILLADO]]=U$2,100%,AVANCE[[#This Row],[RED ALCANTARILLADO]]) -> 1 | BN12: =+IF(AVANCE[[#This Row],[RED DE AGUA]]=V$2,100%,AVANCE[[#This Row],[RED DE AGUA]]) -> 1 | BO12: =+IF(AVANCE[[#This Row],[VENTILACIONES]]=W$2,100%,AVANCE[[#This Row],[VENTILACIONES]]) -> 1 | BP12: =+IF(AVANCE[[#This Row],[TINA]]=X$2,100%,AVANCE[[#This Row],[TINA]]) -> 1 | BQ12: =+IF(AVANCE[[#This Row],[WC]]=Y$2,100%,AVANCE[[#This Row],[WC]]) -> 1 | BR12: =+IF(AVANCE[[#This Row],[LAVAMANOS / LAVAPLATOS / LAVADERO]]=Z$2,100%,AVANCE[[#This Row],[LAVAMANOS / LAVAPLATOS / LAVADERO]]) -> 1 | BS12: =+IF(AVANCE[[#This Row],[CANALIZACIÓN]]=AC$2,100%,AVANCE[[#This Row],[CANALIZACIÓN]]) -> 1 | BT12: =+IF(AVANCE[[#This Row],[CABLEADO]]=AD$2,100%,AVANCE[[#This Row],[CABLEADO]]) -> 1 | BU12: =+IF(AVANCE[[#This Row],[ARTEFACTOS]]=AE$2,100%,AVANCE[[#This Row],[ARTEFACTOS]]) -> 1 | BV12: =+IF(AVANCE[[#This Row],[TABLERO]]=AF$2,100%,AVANCE[[#This Row],[TABLERO]]) -> 1 | BW12: =+IF(AVANCE[[#This Row],[CAJA PAU]]=AG$2,100%,AVANCE[[#This Row],[CAJA PAU]]) -> 1 | BX12: =+IF(AVANCE[[#This Row],[INSTALACION VINILICO]]=AJ$2,100%,AVANCE[[#This Row],[INSTALACION VINILICO]]) -> 1 | BY12: =+IF(AVANCE[[#This Row],[OSB CUBIERTA]]=AK$2,100%,AVANCE[[#This Row],[OSB CUBIERTA]]) -> 1 | BZ12: =+IF(AVANCE[[#This Row],[BARANDA BALCON]]=AL$2,100%,AVANCE[[#This Row],[BARANDA BALCON]]) -> 1 | CA12: =+IF(AVANCE[[#This Row],[OSB EXTERIOR]]=AM$2,100%,AVANCE[[#This Row],[OSB EXTERIOR]]) -> 1 | CB12: =+IF(AVANCE[[#This Row],[SMART PANEL]]=AN$2,100%,AVANCE[[#This Row],[SMART PANEL]]) -> 1 | CC12: =+IF(AVANCE[[#This Row],[PINTURA EXTERIOR]]=AO$2,100%,AVANCE[[#This Row],[PINTURA EXTERIOR]]) -> 1 | CD12: =+IF(AVANCE[[#This Row],[ZOCALOS LOGIA]]=AP$2,100%,AVANCE[[#This Row],[ZOCALOS LOGIA]]) -> 1 | CE12: =+IF(AVANCE[[#This Row],[MOLDURAS]]=AQ$2,100%,AVANCE[[#This Row],[MOLDURAS]]) -> 1 | CF12: =+IF(AVANCE[[#This Row],[PILASTREO]]=AR$2,100%,AVANCE[[#This Row],[PILASTREO]]) -> 1 | CG12: =+IF(AVANCE[[#This Row],[CELOSIAS]]=AS$2,100%,AVANCE[[#This Row],[CELOSIAS]]) -> 1 | CH12: =+IF(AVANCE[[#This Row],[VENTANAS]]=AT$2,100%,AVANCE[[#This Row],[VENTANAS]]) -> 1 | CI12: =+IF(AVANCE[[#This Row],[PUERTAS ACCESO - LOGIA - BANO]]=AU$2,100%,AVANCE[[#This Row],[PUERTAS ACCESO - LOGIA - BANO]]) -> 1 | CJ12: =+IF(AVANCE[[#This Row],[CERRADURAS]]=AV$2,100%,AVANCE[[#This Row],[CERRADURAS]]) -> 1 | CK12: =+IF(AVANCE[[#This Row],[REVESTIMIENTO INTERIOR ZONA SECA]]=AW$2,100%,AVANCE[[#This Row],[REVESTIMIENTO INTERIOR ZONA SECA]]) -> 1 | CL12: =+IF(AVANCE[[#This Row],[REVESTIMIENTO INTERIOR ZONAS HUMEDAS]]=AX$2,100%,AVANCE[[#This Row],[REVESTIMIENTO INTERIOR ZONAS HUMEDAS]]) -> 1 | CM12: =+IF(AVANCE[[#This Row],[MEMBRANA CIELO]]=AY$2,100%,AVANCE[[#This Row],[MEMBRANA CIELO]]) -> 1 | CN12: =+IF(AVANCE[[#This Row],[LIMPIEZA FINAL]]=AZ$2,100%,AVANCE[[#This Row],[LIMPIEZA FINAL]]) -> 1 | CO12: =+IF(AVANCE[[#This Row],[PUERTAS DORMITORIO]]=BA$2,100%,AVANCE[[#This Row],[PUERTAS DORMITORIO]]) -> 1 | CP12: =+IF(AVANCE[[#This Row],[REVESTIMIENTO INTERIOR BANO]]=BB$2,100%,AVANCE[[#This Row],[REVESTIMIENTO INTERIOR BANO]]) -> 1 | CQ12: =+IF(AVANCE[[#This Row],[MUEBLE LAVAPLATOS]]=BC$2,100%,AVANCE[[#This Row],[MUEBLE LAVAPLATOS]]) -> 1 | CR12: =+IF(AVANCE[[#This Row],[IMPERMEABILIZACION BANO - COCINA LOGIA]]=BD$2,100%,AVANCE[[#This Row],[IMPERMEABILIZACION BANO - COCINA LOGIA]]) -> 1 | CS12: =+IF(AVANCE[[#This Row],[ESTADO MODULO]]="PENDIENTE",(TODAY()-AVANCE[[#This Row],[FECHA TERMINO PLANIFICADO]]),0) -> 0 | CT12: {=_xlfn.TEXTJOIN(" | ",TRUE,IF(SUMPRODUCT((BG12:CR12<1)*(PARTIDAS!$I$2:$AT$2="OBRA GRUESA"))>0,"OBRA GRUESA: "&_xlfn.TEXTJOIN(", ",TRUE,IF((BG12:CR12<1)*(PARTIDAS!$I$2:$AT$2="OBRA GRUESA"),PARTIDAS!$I$1:$AT$1,"")),""),IF(SUMPRODUCT((BG12:CR12<1)*(PARTIDAS!$I$2:$AT$2="SANITARIOS"))>0,"SANITARIOS: "&_xlfn.TEXTJOIN(", ",TRUE,IF((BG12:CR12<1)*(PARTIDAS!$I$2:$AT$2="SANITARIOS"),PARTIDAS!$I$1:$AT$1,"")),""),IF(SUMPRODUCT((BG12:CR12<1)*(PARTIDAS!$I$2:$AT$2="ELÉCTRICO"))>0,"ELÉCTRICO: "&_xlfn.TEXTJOIN(", ",TRUE,IF((BG12:CR12<1)*(PARTIDAS!$I$2:$AT$2="ELÉCTRICO"),PARTIDAS!$I$1:$AT$1,"")),""),IF(SUMPRODUCT((BG12:CR12<1)*(PARTIDAS!$I$2:$AT$2="TERMINACIONES"))>0,"TERMINACIONES: "&_xlfn.TEXTJOIN(", ",TRUE,IF((BG12:CR12<1)*(PARTIDAS!$I$2:$AT$2="TERMINACIONES"),PARTIDAS!$I$1:$AT$1,"")),""))} | CU12: {=_xlfn.TEXTJOIN(", ",TRUE,IF(SUMPRODUCT((BG12:CR12<1)*(PARTIDAS!$I$2:$AT$2="OBRA GRUESA"))>0,"OBRA GRUESA",""),IF(SUMPRODUCT((BG12:CR12<1)*(PARTIDAS!$I$2:$AT$2="SANITARIOS"))>0,"SANITARIOS",""),IF(SUMPRODUCT((BG12:CR12<1)*(PARTIDAS!$I$2:$AT$2="ELÉCTRICO"))>0,"ELÉCTRICO",""),IF(SUMPRODUCT((BG12:CR12<1)*(PARTIDAS!$I$2:$AT$2="TERMINACIONES"))>0,"TERMINACIONES",""))} | CV12: {=SUMPRODUCT(--(BG12:CR12<1))} -> 0
A13: TORRE 01 | B13: M-00012 | C13: 2282600012 | D13: SECO | E13: 1 | F13: 46078 | G13: 46078 | H13: 46162 | I13: 46132 | K13: 46162 | L13: 0.43 | M13: 1 | N13: 0.27906977 | O13: 0.18604651 | P13: 0.25581395 | Q13: 0.18604651 | R13: 0.093023256 | S13: 0.09 | T13: 1 | U13: 0.22222222 | V13: 0.22222222 | W13: 0.11111111 | X13: 0.11111111 | Y13: 0.11111111 | Z13: 0.22222222 | AA13: 0.11 | AB13: 1 | AC13: 0.27272727 | AD13: 0.27272727 | AE13: 0.090909091 | AF13: 0.18181818 | AG13: 0.18181818 | AH13: 0.37 | AI13: 1 | AJ13: 0.054054054 | AK13: 0.054054054 | AL13: 0.027027027 | AM13: 0.081081081 | AN13: 0.081081081 | AO13: 0.067567568 | AP13: 0.054054054 | AQ13: 0.013513514 | AR13: 0.040540541 | AS13: 0.013513514 | AT13: 0.081081081 | AU13: 0.054054054 | AV13: 0.027027027 | AW13: 0.054054054 | AX13: 0.054054054 | AY13: 0.027027027 | AZ13: 0.040540541 | BA13: 0.054054054 | BB13: 0.081081081 | BC13: 0.013513514 | BD13: 0.027027027 | BE13: 28.87 | BF13: =+IF(AVANCE[[#This Row],[% AVANCE]]=100%,"MODULO TERMINADO",IF(AVANCE[[#This Row],[FECHA INICIO REAL]]="","MODULO NO INICIADO","PENDIENTE")) -> MODULO TERMINADO | BG13: =+IF(AVANCE[[#This Row],[VENTANAS]]=8.10810810810811%,100%,AVANCE[[#This Row],[VENTANAS]]) -> 1 | BH13: =+IF(AVANCE[[#This Row],[PISO]]=N$2,100%,AVANCE[[#This Row],[PISO]]) -> 1 | BI13: =+IF(AVANCE[[#This Row],[TABIQUES]]=O$2,100%,AVANCE[[#This Row],[TABIQUES]]) -> 1 | BJ13: =+IF(AVANCE[[#This Row],[MUROS]]=P$2,100%,AVANCE[[#This Row],[MUROS]]) -> 1 | BK13: =+IF(AVANCE[[#This Row],[CIELO]]=Q$2,100%,AVANCE[[#This Row],[CIELO]]) -> 1 | BL13: =+IF(AVANCE[[#This Row],[BALCÓN]]=R$2,100%,AVANCE[[#This Row],[BALCÓN]]) -> 1 | BM13: =+IF(AVANCE[[#This Row],[RED ALCANTARILLADO]]=U$2,100%,AVANCE[[#This Row],[RED ALCANTARILLADO]]) -> 1 | BN13: =+IF(AVANCE[[#This Row],[RED DE AGUA]]=V$2,100%,AVANCE[[#This Row],[RED DE AGUA]]) -> 1 | BO13: =+IF(AVANCE[[#This Row],[VENTILACIONES]]=W$2,100%,AVANCE[[#This Row],[VENTILACIONES]]) -> 1 | BP13: =+IF(AVANCE[[#This Row],[TINA]]=X$2,100%,AVANCE[[#This Row],[TINA]]) -> 1 | BQ13: =+IF(AVANCE[[#This Row],[WC]]=Y$2,100%,AVANCE[[#This Row],[WC]]) -> 1 | BR13: =+IF(AVANCE[[#This Row],[LAVAMANOS / LAVAPLATOS / LAVADERO]]=Z$2,100%,AVANCE[[#This Row],[LAVAMANOS / LAVAPLATOS / LAVADERO]]) -> 1 | BS13: =+IF(AVANCE[[#This Row],[CANALIZACIÓN]]=AC$2,100%,AVANCE[[#This Row],[CANALIZACIÓN]]) -> 1 | BT13: =+IF(AVANCE[[#This Row],[CABLEADO]]=AD$2,100%,AVANCE[[#This Row],[CABLEADO]]) -> 1 | BU13: =+IF(AVANCE[[#This Row],[ARTEFACTOS]]=AE$2,100%,AVANCE[[#This Row],[ARTEFACTOS]]) -> 1 | BV13: =+IF(AVANCE[[#This Row],[TABLERO]]=AF$2,100%,AVANCE[[#This Row],[TABLERO]]) -> 1 | BW13: =+IF(AVANCE[[#This Row],[CAJA PAU]]=AG$2,100%,AVANCE[[#This Row],[CAJA PAU]]) -> 1 | BX13: =+IF(AVANCE[[#This Row],[INSTALACION VINILICO]]=AJ$2,100%,AVANCE[[#This Row],[INSTALACION VINILICO]]) -> 1 | BY13: =+IF(AVANCE[[#This Row],[OSB CUBIERTA]]=AK$2,100%,AVANCE[[#This Row],[OSB CUBIERTA]]) -> 1 | BZ13: =+IF(AVANCE[[#This Row],[BARANDA BALCON]]=AL$2,100%,AVANCE[[#This Row],[BARANDA BALCON]]) -> 1 | CA13: =+IF(AVANCE[[#This Row],[OSB EXTERIOR]]=AM$2,100%,AVANCE[[#This Row],[OSB EXTERIOR]]) -> 1 | CB13: =+IF(AVANCE[[#This Row],[SMART PANEL]]=AN$2,100%,AVANCE[[#This Row],[SMART PANEL]]) -> 1 | CC13: =+IF(AVANCE[[#This Row],[PINTURA EXTERIOR]]=AO$2,100%,AVANCE[[#This Row],[PINTURA EXTERIOR]]) -> 1 | CD13: =+IF(AVANCE[[#This Row],[ZOCALOS LOGIA]]=AP$2,100%,AVANCE[[#This Row],[ZOCALOS LOGIA]]) -> 1 | CE13: =+IF(AVANCE[[#This Row],[MOLDURAS]]=AQ$2,100%,AVANCE[[#This Row],[MOLDURAS]]) -> 1 | CF13: =+IF(AVANCE[[#This Row],[PILASTREO]]=AR$2,100%,AVANCE[[#This Row],[PILASTREO]]) -> 1 | CG13: =+IF(AVANCE[[#This Row],[CELOSIAS]]=AS$2,100%,AVANCE[[#This Row],[CELOSIAS]]) -> 1 | CH13: =+IF(AVANCE[[#This Row],[VENTANAS]]=AT$2,100%,AVANCE[[#This Row],[VENTANAS]]) -> 1 | CI13: =+IF(AVANCE[[#This Row],[PUERTAS ACCESO - LOGIA - BANO]]=AU$2,100%,AVANCE[[#This Row],[PUERTAS ACCESO - LOGIA - BANO]]) -> 1 | CJ13: =+IF(AVANCE[[#This Row],[CERRADURAS]]=AV$2,100%,AVANCE[[#This Row],[CERRADURAS]]) -> 1 | CK13: =+IF(AVANCE[[#This Row],[REVESTIMIENTO INTERIOR ZONA SECA]]=AW$2,100%,AVANCE[[#This Row],[REVESTIMIENTO INTERIOR ZONA SECA]]) -> 1 | CL13: =+IF(AVANCE[[#This Row],[REVESTIMIENTO INTERIOR ZONAS HUMEDAS]]=AX$2,100%,AVANCE[[#This Row],[REVESTIMIENTO INTERIOR ZONAS HUMEDAS]]) -> 1 | CM13: =+IF(AVANCE[[#This Row],[MEMBRANA CIELO]]=AY$2,100%,AVANCE[[#This Row],[MEMBRANA CIELO]]) -> 1 | CN13: =+IF(AVANCE[[#This Row],[LIMPIEZA FINAL]]=AZ$2,100%,AVANCE[[#This Row],[LIMPIEZA FINAL]]) -> 1 | CO13: =+IF(AVANCE[[#This Row],[PUERTAS DORMITORIO]]=BA$2,100%,AVANCE[[#This Row],[PUERTAS DORMITORIO]]) -> 1 | CP13: =+IF(AVANCE[[#This Row],[REVESTIMIENTO INTERIOR BANO]]=BB$2,100%,AVANCE[[#This Row],[REVESTIMIENTO INTERIOR BANO]]) -> 1 | CQ13: =+IF(AVANCE[[#This Row],[MUEBLE LAVAPLATOS]]=BC$2,100%,AVANCE[[#This Row],[MUEBLE LAVAPLATOS]]) -> 1 | CR13: =+IF(AVANCE[[#This Row],[IMPERMEABILIZACION BANO - COCINA LOGIA]]=BD$2,100%,AVANCE[[#This Row],[IMPERMEABILIZACION BANO - COCINA LOGIA]]) -> 1 | CS13: =+IF(AVANCE[[#This Row],[ESTADO MODULO]]="PENDIENTE",(TODAY()-AVANCE[[#This Row],[FECHA TERMINO PLANIFICADO]]),0) -> 0 | CT13: {=_xlfn.TEXTJOIN(" | ",TRUE,IF(SUMPRODUCT((BG13:CR13<1)*(PARTIDAS!$I$2:$AT$2="OBRA GRUESA"))>0,"OBRA GRUESA: "&_xlfn.TEXTJOIN(", ",TRUE,IF((BG13:CR13<1)*(PARTIDAS!$I$2:$AT$2="OBRA GRUESA"),PARTIDAS!$I$1:$AT$1,"")),""),IF(SUMPRODUCT((BG13:CR13<1)*(PARTIDAS!$I$2:$AT$2="SANITARIOS"))>0,"SANITARIOS: "&_xlfn.TEXTJOIN(", ",TRUE,IF((BG13:CR13<1)*(PARTIDAS!$I$2:$AT$2="SANITARIOS"),PARTIDAS!$I$1:$AT$1,"")),""),IF(SUMPRODUCT((BG13:CR13<1)*(PARTIDAS!$I$2:$AT$2="ELÉCTRICO"))>0,"ELÉCTRICO: "&_xlfn.TEXTJOIN(", ",TRUE,IF((BG13:CR13<1)*(PARTIDAS!$I$2:$AT$2="ELÉCTRICO"),PARTIDAS!$I$1:$AT$1,"")),""),IF(SUMPRODUCT((BG13:CR13<1)*(PARTIDAS!$I$2:$AT$2="TERMINACIONES"))>0,"TERMINACIONES: "&_xlfn.TEXTJOIN(", ",TRUE,IF((BG13:CR13<1)*(PARTIDAS!$I$2:$AT$2="TERMINACIONES"),PARTIDAS!$I$1:$AT$1,"")),""))} | CU13: {=_xlfn.TEXTJOIN(", ",TRUE,IF(SUMPRODUCT((BG13:CR13<1)*(PARTIDAS!$I$2:$AT$2="OBRA GRUESA"))>0,"OBRA GRUESA",""),IF(SUMPRODUCT((BG13:CR13<1)*(PARTIDAS!$I$2:$AT$2="SANITARIOS"))>0,"SANITARIOS",""),IF(SUMPRODUCT((BG13:CR13<1)*(PARTIDAS!$I$2:$AT$2="ELÉCTRICO"))>0,"ELÉCTRICO",""),IF(SUMPRODUCT((BG13:CR13<1)*(PARTIDAS!$I$2:$AT$2="TERMINACIONES"))>0,"TERMINACIONES",""))} | CV13: {=SUMPRODUCT(--(BG13:CR13<1))} -> 0
... A101: TORRE 04 | B101: M-00100 | C101: 2282600100 | D101: SECO | E101: 1 | F101: 46176 | G101: 46188 | H101: 46227 | I101: 46200 | K101: 46227 | L101: 0.43 | M101: 1 | N101: 0.27906977 | O101: 0.18604651 | P101: 0.25581395 | Q101: 0.18604651 | R101: 0.093023256 | S101: 0.09 | T101: 1 | U101: 0.22222222 | V101: 0.22222222 | W101: 0.11111111 | X101: 0.11111111 | Y101: 0.11111111 | Z101: 0.22222222 | AA101: 0.11 | AB101: 1 | AC101: 0.27272727 | AD101: 0.27272727 | AE101: 0.090909091 | AF101: 0.18181818 | AG101: 0.18181818 | AH101: 0.37 | AI101: 1 | AJ101: 0.054054054 | AK101: 0.054054054 | AL101: 0.027027027 | AM101: 0.081081081 | AN101: 0.081081081 | AO101: 0.067567568 | AP101: 0.054054054 | AQ101: 0.013513514 | AR101: 0.040540541 | AS101: 0.013513514 | AT101: 0.081081081 | AU101: 0.054054054 | AV101: 0.027027027 | AW101: 0.054054054 | AX101: 0.054054054 | AY101: 0.027027027 | AZ101: 0.040540541 | BA101: 0.054054054 | BB101: 0.081081081 | BC101: 0.013513514 | BD101: 0.027027027 | BE101: 28.87 | BF101: =+IF(AVANCE[[#This Row],[% AVANCE]]=100%,"MODULO TERMINADO",IF(AVANCE[[#This Row],[FECHA INICIO REAL]]="","MODULO NO INICIADO","PENDIENTE")) -> MODULO TERMINADO | BG101: =+IF(AVANCE[[#This Row],[VENTANAS]]=8.10810810810811%,100%,AVANCE[[#This Row],[VENTANAS]]) -> 1 | BH101: =+IF(AVANCE[[#This Row],[PISO]]=N$2,100%,AVANCE[[#This Row],[PISO]]) -> 1 | BI101: =+IF(AVANCE[[#This Row],[TABIQUES]]=O$2,100%,AVANCE[[#This Row],[TABIQUES]]) -> 1 | BJ101: =+IF(AVANCE[[#This Row],[MUROS]]=P$2,100%,AVANCE[[#This Row],[MUROS]]) -> 1 | BK101: =+IF(AVANCE[[#This Row],[CIELO]]=Q$2,100%,AVANCE[[#This Row],[CIELO]]) -> 1 | BL101: =+IF(AVANCE[[#This Row],[BALCÓN]]=R$2,100%,AVANCE[[#This Row],[BALCÓN]]) -> 1 | BM101: =+IF(AVANCE[[#This Row],[RED ALCANTARILLADO]]=U$2,100%,AVANCE[[#This Row],[RED ALCANTARILLADO]]) -> 1 | BN101: =+IF(AVANCE[[#This Row],[RED DE AGUA]]=V$2,100%,AVANCE[[#This Row],[RED DE AGUA]]) -> 1 | BO101: =+IF(AVANCE[[#This Row],[VENTILACIONES]]=W$2,100%,AVANCE[[#This Row],[VENTILACIONES]]) -> 1 | BP101: =+IF(AVANCE[[#This Row],[TINA]]=X$2,100%,AVANCE[[#This Row],[TINA]]) -> 1 | BQ101: =+IF(AVANCE[[#This Row],[WC]]=Y$2,100%,AVANCE[[#This Row],[WC]]) -> 1 | BR101: =+IF(AVANCE[[#This Row],[LAVAMANOS / LAVAPLATOS / LAVADERO]]=Z$2,100%,AVANCE[[#This Row],[LAVAMANOS / LAVAPLATOS / LAVADERO]]) -> 1 | BS101: =+IF(AVANCE[[#This Row],[CANALIZACIÓN]]=AC$2,100%,AVANCE[[#This Row],[CANALIZACIÓN]]) -> 1 | BT101: =+IF(AVANCE[[#This Row],[CABLEADO]]=AD$2,100%,AVANCE[[#This Row],[CABLEADO]]) -> 1 | BU101: =+IF(AVANCE[[#This Row],[ARTEFACTOS]]=AE$2,100%,AVANCE[[#This Row],[ARTEFACTOS]]) -> 1 | BV101: =+IF(AVANCE[[#This Row],[TABLERO]]=AF$2,100%,AVANCE[[#This Row],[TABLERO]]) -> 1 | BW101: =+IF(AVANCE[[#This Row],[CAJA PAU]]=AG$2,100%,AVANCE[[#This Row],[CAJA PAU]]) -> 1 | BX101: =+IF(AVANCE[[#This Row],[INSTALACION VINILICO]]=AJ$2,100%,AVANCE[[#This Row],[INSTALACION VINILICO]]) -> 1 | BY101: =+IF(AVANCE[[#This Row],[OSB CUBIERTA]]=AK$2,100%,AVANCE[[#This Row],[OSB CUBIERTA]]) -> 1 | BZ101: =+IF(AVANCE[[#This Row],[BARANDA BALCON]]=AL$2,100%,AVANCE[[#This Row],[BARANDA BALCON]]) -> 1 | CA101: =+IF(AVANCE[[#This Row],[OSB EXTERIOR]]=AM$2,100%,AVANCE[[#This Row],[OSB EXTERIOR]]) -> 1 | CB101: =+IF(AVANCE[[#This Row],[SMART PANEL]]=AN$2,100%,AVANCE[[#This Row],[SMART PANEL]]) -> 1 | CC101: =+IF(AVANCE[[#This Row],[PINTURA EXTERIOR]]=AO$2,100%,AVANCE[[#This Row],[PINTURA EXTERIOR]]) -> 1 | CD101: =+IF(AVANCE[[#This Row],[ZOCALOS LOGIA]]=AP$2,100%,AVANCE[[#This Row],[ZOCALOS LOGIA]]) -> 1 | CE101: =+IF(AVANCE[[#This Row],[MOLDURAS]]=AQ$2,100%,AVANCE[[#This Row],[MOLDURAS]]) -> 1 | CF101: =+IF(AVANCE[[#This Row],[PILASTREO]]=AR$2,100%,AVANCE[[#This Row],[PILASTREO]]) -> 1 | CG101: =+IF(AVANCE[[#This Row],[CELOSIAS]]=AS$2,100%,AVANCE[[#This Row],[CELOSIAS]]) -> 1 | CH101: =+IF(AVANCE[[#This Row],[VENTANAS]]=AT$2,100%,AVANCE[[#This Row],[VENTANAS]]) -> 1 | CI101: =+IF(AVANCE[[#This Row],[PUERTAS ACCESO - LOGIA - BANO]]=AU$2,100%,AVANCE[[#This Row],[PUERTAS ACCESO - LOGIA - BANO]]) -> 1 | CJ101: =+IF(AVANCE[[#This Row],[CERRADURAS]]=AV$2,100%,AVANCE[[#This Row],[CERRADURAS]]) -> 1 | CK101: =+IF(AVANCE[[#This Row],[REVESTIMIENTO INTERIOR ZONA SECA]]=AW$2,100%,AVANCE[[#This Row],[REVESTIMIENTO INTERIOR ZONA SECA]]) -> 1 | CL101: =+IF(AVANCE[[#This Row],[REVESTIMIENTO INTERIOR ZONAS HUMEDAS]]=AX$2,100%,AVANCE[[#This Row],[REVESTIMIENTO INTERIOR ZONAS HUMEDAS]]) -> 1 | CM101: =+IF(AVANCE[[#This Row],[MEMBRANA CIELO]]=AY$2,100%,AVANCE[[#This Row],[MEMBRANA CIELO]]) -> 1 | CN101: =+IF(AVANCE[[#This Row],[LIMPIEZA FINAL]]=AZ$2,100%,AVANCE[[#This Row],[LIMPIEZA FINAL]]) -> 1 | CO101: =+IF(AVANCE[[#This Row],[PUERTAS DORMITORIO]]=BA$2,100%,AVANCE[[#This Row],[PUERTAS DORMITORIO]]) -> 1 | CP101: =+IF(AVANCE[[#This Row],[REVESTIMIENTO INTERIOR BANO]]=BB$2,100%,AVANCE[[#This Row],[REVESTIMIENTO INTERIOR BANO]]) -> 1 | CQ101: =+IF(AVANCE[[#This Row],[MUEBLE LAVAPLATOS]]=BC$2,100%,AVANCE[[#This Row],[MUEBLE LAVAPLATOS]]) -> 1 | CR101: =+IF(AVANCE[[#This Row],[IMPERMEABILIZACION BANO - COCINA LOGIA]]=BD$2,100%,AVANCE[[#This Row],[IMPERMEABILIZACION BANO - COCINA LOGIA]]) -> 1 | CS101: =+IF(AVANCE[[#This Row],[ESTADO MODULO]]="PENDIENTE",(TODAY()-AVANCE[[#This Row],[FECHA TERMINO PLANIFICADO]]),0) -> 0 | CT101: {=_xlfn.TEXTJOIN(" | ",TRUE,IF(SUMPRODUCT((BG101:CR101<1)*(PARTIDAS!$I$2:$AT$2="OBRA GRUESA"))>0,"OBRA GRUESA: "&_xlfn.TEXTJOIN(", ",TRUE,IF((BG101:CR101<1)*(PARTIDAS!$I$2:$AT$2="OBRA GRUESA"),PARTIDAS!$I$1:$AT$1,"")),""),IF(SUMPRODUCT((BG101:CR101<1)*(PARTIDAS!$I$2:$AT$2="SANITARIOS"))>0,"SANITARIOS: "&_xlfn.TEXTJOIN(", ",TRUE,IF((BG101:CR101<1)*(PARTIDAS!$I$2:$AT$2="SANITARIOS"),PARTIDAS!$I$1:$AT$1,"")),""),IF(SUMPRODUCT((BG101:CR101<1)*(PARTIDAS!$I$2:$AT$2="ELÉCTRICO"))>0,"ELÉCTRICO: "&_xlfn.TEXTJOIN(", ",TRUE,IF((BG101:CR101<1)*(PARTIDAS!$I$2:$AT$2="ELÉCTRICO"),PARTIDAS!$I$1:$AT$1,"")),""),IF(SUMPRODUCT((BG101:CR101<1)*(PARTIDAS!$I$2:$AT$2="TERMINACIONES"))>0,"TERMINACIONES: "&_xlfn.TEXTJOIN(", ",TRUE,IF((BG101:CR101<1)*(PARTIDAS!$I$2:$AT$2="TERMINACIONES"),PARTIDAS!$I$1:$AT$1,"")),""))} | CU101: {=_xlfn.TEXTJOIN(", ",TRUE,IF(SUMPRODUCT((BG101:CR101<1)*(PARTIDAS!$I$2:$AT$2="OBRA GRUESA"))>0,"OBRA GRUESA",""),IF(SUMPRODUCT((BG101:CR101<1)*(PARTIDAS!$I$2:$AT$2="SANITARIOS"))>0,"SANITARIOS",""),IF(SUMPRODUCT((BG101:CR101<1)*(PARTIDAS!$I$2:$AT$2="ELÉCTRICO"))>0,"ELÉCTRICO",""),IF(SUMPRODUCT((BG101:CR101<1)*(PARTIDAS!$I$2:$AT$2="TERMINACIONES"))>0,"TERMINACIONES",""))} | CV101: {=SUMPRODUCT(--(BG101:CR101<1))} -> 0
A102: TORRE 04 | B102: M-00101 | C102: 2282600101 | D102: SECO | E102: 0.985 | F102: 46177 | G102: 46190 | H102: 46227 | I102: 46201 | J102: 3 | L102: 0.43 | M102: 1 | N102: 0.27906977 | O102: 0.18604651 | P102: 0.25581395 | Q102: 0.18604651 | R102: 0.093023256 | S102: 0.09 | T102: 1 | U102: 0.22222222 | V102: 0.22222222 | W102: 0.11111111 | X102: 0.11111111 | Y102: 0.11111111 | Z102: 0.22222222 | AA102: 0.11 | AB102: 1 | AC102: 0.27272727 | AD102: 0.27272727 | AE102: 0.090909091 | AF102: 0.18181818 | AG102: 0.18181818 | AH102: 0.355 | AI102: 0.95945946 | AJ102: 0.054054054 | AK102: 0.054054054 | AL102: 0.027027027 | AM102: 0.081081081 | AN102: 0.081081081 | AO102: 0.067567568 | AP102: 0.054054054 | AQ102: 0.013513514 | AR102: 0.040540541 | AS102: 0.013513514 | AT102: 0.081081081 | AU102: 0.054054054 | AV102: 0.027027027 | AW102: 0.054054054 | AX102: 0.054054054 | AY102: 0.027027027 | AZ102: 0 | BA102: 0.054054054 | BB102: 0.081081081 | BC102: 0.013513514 | BD102: 0.027027027 | BE102: 28.87 | BF102: =+IF(AVANCE[[#This Row],[% AVANCE]]=100%,"MODULO TERMINADO",IF(AVANCE[[#This Row],[FECHA INICIO REAL]]="","MODULO NO INICIADO","PENDIENTE")) -> PENDIENTE | BG102: =+IF(AVANCE[[#This Row],[VENTANAS]]=8.10810810810811%,100%,AVANCE[[#This Row],[VENTANAS]]) -> 1 | BH102: =+IF(AVANCE[[#This Row],[PISO]]=N$2,100%,AVANCE[[#This Row],[PISO]]) -> 1 | BI102: =+IF(AVANCE[[#This Row],[TABIQUES]]=O$2,100%,AVANCE[[#This Row],[TABIQUES]]) -> 1 | BJ102: =+IF(AVANCE[[#This Row],[MUROS]]=P$2,100%,AVANCE[[#This Row],[MUROS]]) -> 1 | BK102: =+IF(AVANCE[[#This Row],[CIELO]]=Q$2,100%,AVANCE[[#This Row],[CIELO]]) -> 1 | BL102: =+IF(AVANCE[[#This Row],[BALCÓN]]=R$2,100%,AVANCE[[#This Row],[BALCÓN]]) -> 1 | BM102: =+IF(AVANCE[[#This Row],[RED ALCANTARILLADO]]=U$2,100%,AVANCE[[#This Row],[RED ALCANTARILLADO]]) -> 1 | BN102: =+IF(AVANCE[[#This Row],[RED DE AGUA]]=V$2,100%,AVANCE[[#This Row],[RED DE AGUA]]) -> 1 | BO102: =+IF(AVANCE[[#This Row],[VENTILACIONES]]=W$2,100%,AVANCE[[#This Row],[VENTILACIONES]]) -> 1 | BP102: =+IF(AVANCE[[#This Row],[TINA]]=X$2,100%,AVANCE[[#This Row],[TINA]]) -> 1 | BQ102: =+IF(AVANCE[[#This Row],[WC]]=Y$2,100%,AVANCE[[#This Row],[WC]]) -> 1 | BR102: =+IF(AVANCE[[#This Row],[LAVAMANOS / LAVAPLATOS / LAVADERO]]=Z$2,100%,AVANCE[[#This Row],[LAVAMANOS / LAVAPLATOS / LAVADERO]]) -> 1 | BS102: =+IF(AVANCE[[#This Row],[CANALIZACIÓN]]=AC$2,100%,AVANCE[[#This Row],[CANALIZACIÓN]]) -> 1 | BT102: =+IF(AVANCE[[#This Row],[CABLEADO]]=AD$2,100%,AVANCE[[#This Row],[CABLEADO]]) -> 1 | BU102: =+IF(AVANCE[[#This Row],[ARTEFACTOS]]=AE$2,100%,AVANCE[[#This Row],[ARTEFACTOS]]) -> 1 | BV102: =+IF(AVANCE[[#This Row],[TABLERO]]=AF$2,100%,AVANCE[[#This Row],[TABLERO]]) -> 1 | BW102: =+IF(AVANCE[[#This Row],[CAJA PAU]]=AG$2,100%,AVANCE[[#This Row],[CAJA PAU]]) -> 1 | BX102: =+IF(AVANCE[[#This Row],[INSTALACION VINILICO]]=AJ$2,100%,AVANCE[[#This Row],[INSTALACION VINILICO]]) -> 1 | BY102: =+IF(AVANCE[[#This Row],[OSB CUBIERTA]]=AK$2,100%,AVANCE[[#This Row],[OSB CUBIERTA]]) -> 1 | BZ102: =+IF(AVANCE[[#This Row],[BARANDA BALCON]]=AL$2,100%,AVANCE[[#This Row],[BARANDA BALCON]]) -> 1 | CA102: =+IF(AVANCE[[#This Row],[OSB EXTERIOR]]=AM$2,100%,AVANCE[[#This Row],[OSB EXTERIOR]]) -> 1 | CB102: =+IF(AVANCE[[#This Row],[SMART PANEL]]=AN$2,100%,AVANCE[[#This Row],[SMART PANEL]]) -> 1 | CC102: =+IF(AVANCE[[#This Row],[PINTURA EXTERIOR]]=AO$2,100%,AVANCE[[#This Row],[PINTURA EXTERIOR]]) -> 1 | CD102: =+IF(AVANCE[[#This Row],[ZOCALOS LOGIA]]=AP$2,100%,AVANCE[[#This Row],[ZOCALOS LOGIA]]) -> 1 | CE102: =+IF(AVANCE[[#This Row],[MOLDURAS]]=AQ$2,100%,AVANCE[[#This Row],[MOLDURAS]]) -> 1 | CF102: =+IF(AVANCE[[#This Row],[PILASTREO]]=AR$2,100%,AVANCE[[#This Row],[PILASTREO]]) -> 1 | CG102: =+IF(AVANCE[[#This Row],[CELOSIAS]]=AS$2,100%,AVANCE[[#This Row],[CELOSIAS]]) -> 1 | CH102: =+IF(AVANCE[[#This Row],[VENTANAS]]=AT$2,100%,AVANCE[[#This Row],[VENTANAS]]) -> 1 | CI102: =+IF(AVANCE[[#This Row],[PUERTAS ACCESO - LOGIA - BANO]]=AU$2,100%,AVANCE[[#This Row],[PUERTAS ACCESO - LOGIA - BANO]]) -> 1 | CJ102: =+IF(AVANCE[[#This Row],[CERRADURAS]]=AV$2,100%,AVANCE[[#This Row],[CERRADURAS]]) -> 1 | CK102: =+IF(AVANCE[[#This Row],[REVESTIMIENTO INTERIOR ZONA SECA]]=AW$2,100%,AVANCE[[#This Row],[REVESTIMIENTO INTERIOR ZONA SECA]]) -> 1 | CL102: =+IF(AVANCE[[#This Row],[REVESTIMIENTO INTERIOR ZONAS HUMEDAS]]=AX$2,100%,AVANCE[[#This Row],[REVESTIMIENTO INTERIOR ZONAS HUMEDAS]]) -> 1 | CM102: =+IF(AVANCE[[#This Row],[MEMBRANA CIELO]]=AY$2,100%,AVANCE[[#This Row],[MEMBRANA CIELO]]) -> 1 | CN102: =+IF(AVANCE[[#This Row],[LIMPIEZA FINAL]]=AZ$2,100%,AVANCE[[#This Row],[LIMPIEZA FINAL]]) -> 0 | CO102: =+IF(AVANCE[[#This Row],[PUERTAS DORMITORIO]]=BA$2,100%,AVANCE[[#This Row],[PUERTAS DORMITORIO]]) -> 1 | CP102: =+IF(AVANCE[[#This Row],[REVESTIMIENTO INTERIOR BANO]]=BB$2,100%,AVANCE[[#This Row],[REVESTIMIENTO INTERIOR BANO]]) -> 1 | CQ102: =+IF(AVANCE[[#This Row],[MUEBLE LAVAPLATOS]]=BC$2,100%,AVANCE[[#This Row],[MUEBLE LAVAPLATOS]]) -> 1 | CR102: =+IF(AVANCE[[#This Row],[IMPERMEABILIZACION BANO - COCINA LOGIA]]=BD$2,100%,AVANCE[[#This Row],[IMPERMEABILIZACION BANO - COCINA LOGIA]]) -> 1 | CS102: =+IF(AVANCE[[#This Row],[ESTADO MODULO]]="PENDIENTE",(TODAY()-AVANCE[[#This Row],[FECHA TERMINO PLANIFICADO]]),0) -> 29 | CT102: {=_xlfn.TEXTJOIN(" | ",TRUE,IF(SUMPRODUCT((BG102:CR102<1)*(PARTIDAS!$I$2:$AT$2="OBRA GRUESA"))>0,"OBRA GRUESA: "&_xlfn.TEXTJOIN(", ",TRUE,IF((BG102:CR102<1)*(PARTIDAS!$I$2:$AT$2="OBRA GRUESA"),PARTIDAS!$I$1:$AT$1,"")),""),IF(SUMPRODUCT((BG102:CR102<1)*(PARTIDAS!$I$2:$AT$2="SANITARIOS"))>0,"SANITARIOS: "&_xlfn.TEXTJOIN(", ",TRUE,IF((BG102:CR102<1)*(PARTIDAS!$I$2:$AT$2="SANITARIOS"),PARTIDAS!$I$1:$AT$1,"")),""),IF(SUMPRODUCT((BG102:CR102<1)*(PARTIDAS!$I$2:$AT$2="ELÉCTRICO"))>0,"ELÉCTRICO: "&_xlfn.TEXTJOIN(", ",TRUE,IF((BG102:CR102<1)*(PARTIDAS!$I$2:$AT$2="ELÉCTRICO"),PARTIDAS!$I$1:$AT$1,"")),""),IF(SUMPRODUCT((BG102:CR102<1)*(PARTIDAS!$I$2:$AT$2="TERMINACIONES"))>0,"TERMINACIONES: "&_xlfn.TEXTJOIN(", ",TRUE,IF((BG102:CR102<1)*(PARTIDAS!$I$2:$AT$2="TERMINACIONES"),PARTIDAS!$I$1:$AT$1,"")),""))} -> TERMINACIONES: LIMPIEZA FINAL | CU102: {=_xlfn.TEXTJOIN(", ",TRUE,IF(SUMPRODUCT((BG102:CR102<1)*(PARTIDAS!$I$2:$AT$2="OBRA GRUESA"))>0,"OBRA GRUESA",""),IF(SUMPRODUCT((BG102:CR102<1)*(PARTIDAS!$I$2:$AT$2="SANITARIOS"))>0,"SANITARIOS",""),IF(SUMPRODUCT((BG102:CR102<1)*(PARTIDAS!$I$2:$AT$2="ELÉCTRICO"))>0,"ELÉCTRICO",""),IF(SUMPRODUCT((BG102:CR102<1)*(PARTIDAS!$I$2:$AT$2="TERMINACIONES"))>0,"TERMINACIONES",""))} -> TERMINACIONES | CV102: {=SUMPRODUCT(--(BG102:CR102<1))} -> 1
A103: TORRE 04 | B103: M-00102 | C103: 2302600102 | D103: HUMEDO | E103: 0.985 | F103: 46177 | G103: 46190 | H103: 46227 | I103: 46211 | J103: 3 | L103: 0.43 | M103: 1 | N103: 0.27906977 | O103: 0.18604651 | P103: 0.25581395 | Q103: 0.18604651 | R103: 0.093023256 | S103: 0.09 | T103: 1 | U103: 0.22222222 | V103: 0.22222222 | W103: 0.11111111 | X103: 0.11111111 | Y103: 0.11111111 | Z103: 0.22222222 | AA103: 0.11 | AB103: 1 | AC103: 0.27272727 | AD103: 0.27272727 | AE103: 0.090909091 | AF103: 0.18181818 | AG103: 0.18181818 | AH103: 0.355 | AI103: 0.95945946 | AJ103: 0.054054054 | AK103: 0.054054054 | AL103: 0.027027027 | AM103: 0.081081081 | AN103: 0.081081081 | AO103: 0.067567568 | AP103: 0.054054054 | AQ103: 0.013513514 | AR103: 0.040540541 | AS103: 0.013513514 | AT103: 0.081081081 | AU103: 0.054054054 | AV103: 0.027027027 | AW103: 0.054054054 | AX103: 0.054054054 | AY103: 0.027027027 | AZ103: 0 | BA103: 0.054054054 | BB103: 0.081081081 | BC103: 0.013513514 | BD103: 0.027027027 | BE103: 31.32 | BF103: =+IF(AVANCE[[#This Row],[% AVANCE]]=100%,"MODULO TERMINADO",IF(AVANCE[[#This Row],[FECHA INICIO REAL]]="","MODULO NO INICIADO","PENDIENTE")) -> PENDIENTE | BG103: =+IF(AVANCE[[#This Row],[VENTANAS]]=8.10810810810811%,100%,AVANCE[[#This Row],[VENTANAS]]) -> 1 | BH103: =+IF(AVANCE[[#This Row],[PISO]]=N$2,100%,AVANCE[[#This Row],[PISO]]) -> 1 | BI103: =+IF(AVANCE[[#This Row],[TABIQUES]]=O$2,100%,AVANCE[[#This Row],[TABIQUES]]) -> 1 | BJ103: =+IF(AVANCE[[#This Row],[MUROS]]=P$2,100%,AVANCE[[#This Row],[MUROS]]) -> 1 | BK103: =+IF(AVANCE[[#This Row],[CIELO]]=Q$2,100%,AVANCE[[#This Row],[CIELO]]) -> 1 | BL103: =+IF(AVANCE[[#This Row],[BALCÓN]]=R$2,100%,AVANCE[[#This Row],[BALCÓN]]) -> 1 | BM103: =+IF(AVANCE[[#This Row],[RED ALCANTARILLADO]]=U$2,100%,AVANCE[[#This Row],[RED ALCANTARILLADO]]) -> 1 | BN103: =+IF(AVANCE[[#This Row],[RED DE AGUA]]=V$2,100%,AVANCE[[#This Row],[RED DE AGUA]]) -> 1 | BO103: =+IF(AVANCE[[#This Row],[VENTILACIONES]]=W$2,100%,AVANCE[[#This Row],[VENTILACIONES]]) -> 1 | BP103: =+IF(AVANCE[[#This Row],[TINA]]=X$2,100%,AVANCE[[#This Row],[TINA]]) -> 1 | BQ103: =+IF(AVANCE[[#This Row],[WC]]=Y$2,100%,AVANCE[[#This Row],[WC]]) -> 1 | BR103: =+IF(AVANCE[[#This Row],[LAVAMANOS / LAVAPLATOS / LAVADERO]]=Z$2,100%,AVANCE[[#This Row],[LAVAMANOS / LAVAPLATOS / LAVADERO]]) -> 1 | BS103: =+IF(AVANCE[[#This Row],[CANALIZACIÓN]]=AC$2,100%,AVANCE[[#This Row],[CANALIZACIÓN]]) -> 1 | BT103: =+IF(AVANCE[[#This Row],[CABLEADO]]=AD$2,100%,AVANCE[[#This Row],[CABLEADO]]) -> 1 | BU103: =+IF(AVANCE[[#This Row],[ARTEFACTOS]]=AE$2,100%,AVANCE[[#This Row],[ARTEFACTOS]]) -> 1 | BV103: =+IF(AVANCE[[#This Row],[TABLERO]]=AF$2,100%,AVANCE[[#This Row],[TABLERO]]) -> 1 | BW103: =+IF(AVANCE[[#This Row],[CAJA PAU]]=AG$2,100%,AVANCE[[#This Row],[CAJA PAU]]) -> 1 | BX103: =+IF(AVANCE[[#This Row],[INSTALACION VINILICO]]=AJ$2,100%,AVANCE[[#This Row],[INSTALACION VINILICO]]) -> 1 | BY103: =+IF(AVANCE[[#This Row],[OSB CUBIERTA]]=AK$2,100%,AVANCE[[#This Row],[OSB CUBIERTA]]) -> 1 | BZ103: =+IF(AVANCE[[#This Row],[BARANDA BALCON]]=AL$2,100%,AVANCE[[#This Row],[BARANDA BALCON]]) -> 1 | CA103: =+IF(AVANCE[[#This Row],[OSB EXTERIOR]]=AM$2,100%,AVANCE[[#This Row],[OSB EXTERIOR]]) -> 1 | CB103: =+IF(AVANCE[[#This Row],[SMART PANEL]]=AN$2,100%,AVANCE[[#This Row],[SMART PANEL]]) -> 1 | CC103: =+IF(AVANCE[[#This Row],[PINTURA EXTERIOR]]=AO$2,100%,AVANCE[[#This Row],[PINTURA EXTERIOR]]) -> 1 | CD103: =+IF(AVANCE[[#This Row],[ZOCALOS LOGIA]]=AP$2,100%,AVANCE[[#This Row],[ZOCALOS LOGIA]]) -> 1 | CE103: =+IF(AVANCE[[#This Row],[MOLDURAS]]=AQ$2,100%,AVANCE[[#This Row],[MOLDURAS]]) -> 1 | CF103: =+IF(AVANCE[[#This Row],[PILASTREO]]=AR$2,100%,AVANCE[[#This Row],[PILASTREO]]) -> 1 | CG103: =+IF(AVANCE[[#This Row],[CELOSIAS]]=AS$2,100%,AVANCE[[#This Row],[CELOSIAS]]) -> 1 | CH103: =+IF(AVANCE[[#This Row],[VENTANAS]]=AT$2,100%,AVANCE[[#This Row],[VENTANAS]]) -> 1 | CI103: =+IF(AVANCE[[#This Row],[PUERTAS ACCESO - LOGIA - BANO]]=AU$2,100%,AVANCE[[#This Row],[PUERTAS ACCESO - LOGIA - BANO]]) -> 1 | CJ103: =+IF(AVANCE[[#This Row],[CERRADURAS]]=AV$2,100%,AVANCE[[#This Row],[CERRADURAS]]) -> 1 | CK103: =+IF(AVANCE[[#This Row],[REVESTIMIENTO INTERIOR ZONA SECA]]=AW$2,100%,AVANCE[[#This Row],[REVESTIMIENTO INTERIOR ZONA SECA]]) -> 1 | CL103: =+IF(AVANCE[[#This Row],[REVESTIMIENTO INTERIOR ZONAS HUMEDAS]]=AX$2,100%,AVANCE[[#This Row],[REVESTIMIENTO INTERIOR ZONAS HUMEDAS]]) -> 1 | CM103: =+IF(AVANCE[[#This Row],[MEMBRANA CIELO]]=AY$2,100%,AVANCE[[#This Row],[MEMBRANA CIELO]]) -> 1 | CN103: =+IF(AVANCE[[#This Row],[LIMPIEZA FINAL]]=AZ$2,100%,AVANCE[[#This Row],[LIMPIEZA FINAL]]) -> 0 | CO103: =+IF(AVANCE[[#This Row],[PUERTAS DORMITORIO]]=BA$2,100%,AVANCE[[#This Row],[PUERTAS DORMITORIO]]) -> 1 | CP103: =+IF(AVANCE[[#This Row],[REVESTIMIENTO INTERIOR BANO]]=BB$2,100%,AVANCE[[#This Row],[REVESTIMIENTO INTERIOR BANO]]) -> 1 | CQ103: =+IF(AVANCE[[#This Row],[MUEBLE LAVAPLATOS]]=BC$2,100%,AVANCE[[#This Row],[MUEBLE LAVAPLATOS]]) -> 1 | CR103: =+IF(AVANCE[[#This Row],[IMPERMEABILIZACION BANO - COCINA LOGIA]]=BD$2,100%,AVANCE[[#This Row],[IMPERMEABILIZACION BANO - COCINA LOGIA]]) -> 1 | CS103: =+IF(AVANCE[[#This Row],[ESTADO MODULO]]="PENDIENTE",(TODAY()-AVANCE[[#This Row],[FECHA TERMINO PLANIFICADO]]),0) -> 19 | CT103: {=_xlfn.TEXTJOIN(" | ",TRUE,IF(SUMPRODUCT((BG103:CR103<1)*(PARTIDAS!$I$2:$AT$2="OBRA GRUESA"))>0,"OBRA GRUESA: "&_xlfn.TEXTJOIN(", ",TRUE,IF((BG103:CR103<1)*(PARTIDAS!$I$2:$AT$2="OBRA GRUESA"),PARTIDAS!$I$1:$AT$1,"")),""),IF(SUMPRODUCT((BG103:CR103<1)*(PARTIDAS!$I$2:$AT$2="SANITARIOS"))>0,"SANITARIOS: "&_xlfn.TEXTJOIN(", ",TRUE,IF((BG103:CR103<1)*(PARTIDAS!$I$2:$AT$2="SANITARIOS"),PARTIDAS!$I$1:$AT$1,"")),""),IF(SUMPRODUCT((BG103:CR103<1)*(PARTIDAS!$I$2:$AT$2="ELÉCTRICO"))>0,"ELÉCTRICO: "&_xlfn.TEXTJOIN(", ",TRUE,IF((BG103:CR103<1)*(PARTIDAS!$I$2:$AT$2="ELÉCTRICO"),PARTIDAS!$I$1:$AT$1,"")),""),IF(SUMPRODUCT((BG103:CR103<1)*(PARTIDAS!$I$2:$AT$2="TERMINACIONES"))>0,"TERMINACIONES: "&_xlfn.TEXTJOIN(", ",TRUE,IF((BG103:CR103<1)*(PARTIDAS!$I$2:$AT$2="TERMINACIONES"),PARTIDAS!$I$1:$AT$1,"")),""))} -> TERMINACIONES: LIMPIEZA FINAL | CU103: {=_xlfn.TEXTJOIN(", ",TRUE,IF(SUMPRODUCT((BG103:CR103<1)*(PARTIDAS!$I$2:$AT$2="OBRA GRUESA"))>0,"OBRA GRUESA",""),IF(SUMPRODUCT((BG103:CR103<1)*(PARTIDAS!$I$2:$AT$2="SANITARIOS"))>0,"SANITARIOS",""),IF(SUMPRODUCT((BG103:CR103<1)*(PARTIDAS!$I$2:$AT$2="ELÉCTRICO"))>0,"ELÉCTRICO",""),IF(SUMPRODUCT((BG103:CR103<1)*(PARTIDAS!$I$2:$AT$2="TERMINACIONES"))>0,"TERMINACIONES",""))} -> TERMINACIONES | CV103: {=SUMPRODUCT(--(BG103:CR103<1))} -> 1
A104: TORRE 04 | B104: M-00103 | C104: 2302600103 | D104: HUMEDO | E104: 0.955 | F104: 46178 | G104: 46184 | H104: 46226 | I104: 46212 | J104: 4 | L104: 0.43 | M104: 1 | N104: 0.27906977 | O104: 0.18604651 | P104: 0.25581395 | Q104: 0.18604651 | R104: 0.093023256 | S104: 0.09 | T104: 1 | U104: 0.22222222 | V104: 0.22222222 | W104: 0.11111111 | X104: 0.11111111 | Y104: 0.11111111 | Z104: 0.22222222 | AA104: 0.11 | AB104: 1 | AC104: 0.27272727 | AD104: 0.27272727 | AE104: 0.090909091 | AF104: 0.18181818 | AG104: 0.18181818 | AH104: 0.325 | AI104: 0.87837838 | AJ104: 0.054054054 | AK104: 0.054054054 | AL104: 0.027027027 | AM104: 0.081081081 | AN104: 0.081081081 | AO104: 0.067567568 | AP104: 0.054054054 | AQ104: 0.013513514 | AR104: 0.040540541 | AS104: 0.013513514 | AT104: 0.081081081 | AU104: 0.054054054 | AV104: 0.027027027 | AW104: 0.054054054 | AX104: 0.054054054 | AY104: 0.027027027 | AZ104: 0 | BA104: 0.054054054 | BB104: 0 | BC104: 0.013513514 | BD104: 0.027027027 | BE104: 31.32 | BF104: =+IF(AVANCE[[#This Row],[% AVANCE]]=100%,"MODULO TERMINADO",IF(AVANCE[[#This Row],[FECHA INICIO REAL]]="","MODULO NO INICIADO","PENDIENTE")) -> PENDIENTE | BG104: =+IF(AVANCE[[#This Row],[VENTANAS]]=8.10810810810811%,100%,AVANCE[[#This Row],[VENTANAS]]) -> 1 | BH104: =+IF(AVANCE[[#This Row],[PISO]]=N$2,100%,AVANCE[[#This Row],[PISO]]) -> 1 | BI104: =+IF(AVANCE[[#This Row],[TABIQUES]]=O$2,100%,AVANCE[[#This Row],[TABIQUES]]) -> 1 | BJ104: =+IF(AVANCE[[#This Row],[MUROS]]=P$2,100%,AVANCE[[#This Row],[MUROS]]) -> 1 | BK104: =+IF(AVANCE[[#This Row],[CIELO]]=Q$2,100%,AVANCE[[#This Row],[CIELO]]) -> 1 | BL104: =+IF(AVANCE[[#This Row],[BALCÓN]]=R$2,100%,AVANCE[[#This Row],[BALCÓN]]) -> 1 | BM104: =+IF(AVANCE[[#This Row],[RED ALCANTARILLADO]]=U$2,100%,AVANCE[[#This Row],[RED ALCANTARILLADO]]) -> 1 | BN104: =+IF(AVANCE[[#This Row],[RED DE AGUA]]=V$2,100%,AVANCE[[#This Row],[RED DE AGUA]]) -> 1 | BO104: =+IF(AVANCE[[#This Row],[VENTILACIONES]]=W$2,100%,AVANCE[[#This Row],[VENTILACIONES]]) -> 1 | BP104: =+IF(AVANCE[[#This Row],[TINA]]=X$2,100%,AVANCE[[#This Row],[TINA]]) -> 1 | BQ104: =+IF(AVANCE[[#This Row],[WC]]=Y$2,100%,AVANCE[[#This Row],[WC]]) -> 1 | BR104: =+IF(AVANCE[[#This Row],[LAVAMANOS / LAVAPLATOS / LAVADERO]]=Z$2,100%,AVANCE[[#This Row],[LAVAMANOS / LAVAPLATOS / LAVADERO]]) -> 1 | BS104: =+IF(AVANCE[[#This Row],[CANALIZACIÓN]]=AC$2,100%,AVANCE[[#This Row],[CANALIZACIÓN]]) -> 1 | BT104: =+IF(AVANCE[[#This Row],[CABLEADO]]=AD$2,100%,AVANCE[[#This Row],[CABLEADO]]) -> 1 | BU104: =+IF(AVANCE[[#This Row],[ARTEFACTOS]]=AE$2,100%,AVANCE[[#This Row],[ARTEFACTOS]]) -> 1 | BV104: =+IF(AVANCE[[#This Row],[TABLERO]]=AF$2,100%,AVANCE[[#This Row],[TABLERO]]) -> 1 | BW104: =+IF(AVANCE[[#This Row],[CAJA PAU]]=AG$2,100%,AVANCE[[#This Row],[CAJA PAU]]) -> 1 | BX104: =+IF(AVANCE[[#This Row],[INSTALACION VINILICO]]=AJ$2,100%,AVANCE[[#This Row],[INSTALACION VINILICO]]) -> 1 | BY104: =+IF(AVANCE[[#This Row],[OSB CUBIERTA]]=AK$2,100%,AVANCE[[#This Row],[OSB CUBIERTA]]) -> 1 | BZ104: =+IF(AVANCE[[#This Row],[BARANDA BALCON]]=AL$2,100%,AVANCE[[#This Row],[BARANDA BALCON]]) -> 1 | CA104: =+IF(AVANCE[[#This Row],[OSB EXTERIOR]]=AM$2,100%,AVANCE[[#This Row],[OSB EXTERIOR]]) -> 1 | CB104: =+IF(AVANCE[[#This Row],[SMART PANEL]]=AN$2,100%,AVANCE[[#This Row],[SMART PANEL]]) -> 1 | CC104: =+IF(AVANCE[[#This Row],[PINTURA EXTERIOR]]=AO$2,100%,AVANCE[[#This Row],[PINTURA EXTERIOR]]) -> 1 | CD104: =+IF(AVANCE[[#This Row],[ZOCALOS LOGIA]]=AP$2,100%,AVANCE[[#This Row],[ZOCALOS LOGIA]]) -> 1 | CE104: =+IF(AVANCE[[#This Row],[MOLDURAS]]=AQ$2,100%,AVANCE[[#This Row],[MOLDURAS]]) -> 1 | CF104: =+IF(AVANCE[[#This Row],[PILASTREO]]=AR$2,100%,AVANCE[[#This Row],[PILASTREO]]) -> 1 | CG104: =+IF(AVANCE[[#This Row],[CELOSIAS]]=AS$2,100%,AVANCE[[#This Row],[CELOSIAS]]) -> 1 | CH104: =+IF(AVANCE[[#This Row],[VENTANAS]]=AT$2,100%,AVANCE[[#This Row],[VENTANAS]]) -> 1 | CI104: =+IF(AVANCE[[#This Row],[PUERTAS ACCESO - LOGIA - BANO]]=AU$2,100%,AVANCE[[#This Row],[PUERTAS ACCESO - LOGIA - BANO]]) -> 1 | CJ104: =+IF(AVANCE[[#This Row],[CERRADURAS]]=AV$2,100%,AVANCE[[#This Row],[CERRADURAS]]) -> 1 | CK104: =+IF(AVANCE[[#This Row],[REVESTIMIENTO INTERIOR ZONA SECA]]=AW$2,100%,AVANCE[[#This Row],[REVESTIMIENTO INTERIOR ZONA SECA]]) -> 1 | CL104: =+IF(AVANCE[[#This Row],[REVESTIMIENTO INTERIOR ZONAS HUMEDAS]]=AX$2,100%,AVANCE[[#This Row],[REVESTIMIENTO INTERIOR ZONAS HUMEDAS]]) -> 1 | CM104: =+IF(AVANCE[[#This Row],[MEMBRANA CIELO]]=AY$2,100%,AVANCE[[#This Row],[MEMBRANA CIELO]]) -> 1 | CN104: =+IF(AVANCE[[#This Row],[LIMPIEZA FINAL]]=AZ$2,100%,AVANCE[[#This Row],[LIMPIEZA FINAL]]) -> 0 | CO104: =+IF(AVANCE[[#This Row],[PUERTAS DORMITORIO]]=BA$2,100%,AVANCE[[#This Row],[PUERTAS DORMITORIO]]) -> 1 | CP104: =+IF(AVANCE[[#This Row],[REVESTIMIENTO INTERIOR BANO]]=BB$2,100%,AVANCE[[#This Row],[REVESTIMIENTO INTERIOR BANO]]) -> 0 | CQ104: =+IF(AVANCE[[#This Row],[MUEBLE LAVAPLATOS]]=BC$2,100%,AVANCE[[#This Row],[MUEBLE LAVAPLATOS]]) -> 1 | CR104: =+IF(AVANCE[[#This Row],[IMPERMEABILIZACION BANO - COCINA LOGIA]]=BD$2,100%,AVANCE[[#This Row],[IMPERMEABILIZACION BANO - COCINA LOGIA]]) -> 1 | CS104: =+IF(AVANCE[[#This Row],[ESTADO MODULO]]="PENDIENTE",(TODAY()-AVANCE[[#This Row],[FECHA TERMINO PLANIFICADO]]),0) -> 18 | CT104: {=_xlfn.TEXTJOIN(" | ",TRUE,IF(SUMPRODUCT((BG104:CR104<1)*(PARTIDAS!$I$2:$AT$2="OBRA GRUESA"))>0,"OBRA GRUESA: "&_xlfn.TEXTJOIN(", ",TRUE,IF((BG104:CR104<1)*(PARTIDAS!$I$2:$AT$2="OBRA GRUESA"),PARTIDAS!$I$1:$AT$1,"")),""),IF(SUMPRODUCT((BG104:CR104<1)*(PARTIDAS!$I$2:$AT$2="SANITARIOS"))>0,"SANITARIOS: "&_xlfn.TEXTJOIN(", ",TRUE,IF((BG104:CR104<1)*(PARTIDAS!$I$2:$AT$2="SANITARIOS"),PARTIDAS!$I$1:$AT$1,"")),""),IF(SUMPRODUCT((BG104:CR104<1)*(PARTIDAS!$I$2:$AT$2="ELÉCTRICO"))>0,"ELÉCTRICO: "&_xlfn.TEXTJOIN(", ",TRUE,IF((BG104:CR104<1)*(PARTIDAS!$I$2:$AT$2="ELÉCTRICO"),PARTIDAS!$I$1:$AT$1,"")),""),IF(SUMPRODUCT((BG104:CR104<1)*(PARTIDAS!$I$2:$AT$2="TERMINACIONES"))>0,"TERMINACIONES: "&_xlfn.TEXTJOIN(", ",TRUE,IF((BG104:CR104<1)*(PARTIDAS!$I$2:$AT$2="TERMINACIONES"),PARTIDAS!$I$1:$AT$1,"")),""))} -> TERMINACIONES: LIMPIEZA FINAL, REVESTIMIENTO INTERIOR BANO | CU104: {=_xlfn.TEXTJOIN(", ",TRUE,IF(SUMPRODUCT((BG104:CR104<1)*(PARTIDAS!$I$2:$AT$2="OBRA GRUESA"))>0,"OBRA GRUESA",""),IF(SUMPRODUCT((BG104:CR104<1)*(PARTIDAS!$I$2:$AT$2="SANITARIOS"))>0,"SANITARIOS",""),IF(SUMPRODUCT((BG104:CR104<1)*(PARTIDAS!$I$2:$AT$2="ELÉCTRICO"))>0,"ELÉCTRICO",""),IF(SUMPRODUCT((BG104:CR104<1)*(PARTIDAS!$I$2:$AT$2="TERMINACIONES"))>0,"TERMINACIONES",""))} -> TERMINACIONES | CV104: {=SUMPRODUCT(--(BG104:CR104<1))} -> 2
A105: TORRE 04 | B105: M-00104 | C105: 2282600104 | D105: SECO | E105: 1 | F105: 46178 | G105: 46184 | H105: 46224 | I105: 46202 | K105: 46224 | L105: 0.43 | M105: 1 | N105: 0.27906977 | O105: 0.18604651 | P105: 0.25581395 | Q105: 0.18604651 | R105: 0.093023256 | S105: 0.09 | T105: 1 | U105: 0.22222222 | V105: 0.22222222 | W105: 0.11111111 | X105: 0.11111111 | Y105: 0.11111111 | Z105: 0.22222222 | AA105: 0.11 | AB105: 1 | AC105: 0.27272727 | AD105: 0.27272727 | AE105: 0.090909091 | AF105: 0.18181818 | AG105: 0.18181818 | AH105: 0.37 | AI105: 1 | AJ105: 0.054054054 | AK105: 0.054054054 | AL105: 0.027027027 | AM105: 0.081081081 | AN105: 0.081081081 | AO105: 0.067567568 | AP105: 0.054054054 | AQ105: 0.013513514 | AR105: 0.040540541 | AS105: 0.013513514 | AT105: 0.081081081 | AU105: 0.054054054 | AV105: 0.027027027 | AW105: 0.054054054 | AX105: 0.054054054 | AY105: 0.027027027 | AZ105: 0.040540541 | BA105: 0.054054054 | BB105: 0.081081081 | BC105: 0.013513514 | BD105: 0.027027027 | BE105: 28.87 | BF105: =+IF(AVANCE[[#This Row],[% AVANCE]]=100%,"MODULO TERMINADO",IF(AVANCE[[#This Row],[FECHA INICIO REAL]]="","MODULO NO INICIADO","PENDIENTE")) -> MODULO TERMINADO | BG105: =+IF(AVANCE[[#This Row],[VENTANAS]]=8.10810810810811%,100%,AVANCE[[#This Row],[VENTANAS]]) -> 1 | BH105: =+IF(AVANCE[[#This Row],[PISO]]=N$2,100%,AVANCE[[#This Row],[PISO]]) -> 1 | BI105: =+IF(AVANCE[[#This Row],[TABIQUES]]=O$2,100%,AVANCE[[#This Row],[TABIQUES]]) -> 1 | BJ105: =+IF(AVANCE[[#This Row],[MUROS]]=P$2,100%,AVANCE[[#This Row],[MUROS]]) -> 1 | BK105: =+IF(AVANCE[[#This Row],[CIELO]]=Q$2,100%,AVANCE[[#This Row],[CIELO]]) -> 1 | BL105: =+IF(AVANCE[[#This Row],[BALCÓN]]=R$2,100%,AVANCE[[#This Row],[BALCÓN]]) -> 1 | BM105: =+IF(AVANCE[[#This Row],[RED ALCANTARILLADO]]=U$2,100%,AVANCE[[#This Row],[RED ALCANTARILLADO]]) -> 1 | BN105: =+IF(AVANCE[[#This Row],[RED DE AGUA]]=V$2,100%,AVANCE[[#This Row],[RED DE AGUA]]) -> 1 | BO105: =+IF(AVANCE[[#This Row],[VENTILACIONES]]=W$2,100%,AVANCE[[#This Row],[VENTILACIONES]]) -> 1 | BP105: =+IF(AVANCE[[#This Row],[TINA]]=X$2,100%,AVANCE[[#This Row],[TINA]]) -> 1 | BQ105: =+IF(AVANCE[[#This Row],[WC]]=Y$2,100%,AVANCE[[#This Row],[WC]]) -> 1 | BR105: =+IF(AVANCE[[#This Row],[LAVAMANOS / LAVAPLATOS / LAVADERO]]=Z$2,100%,AVANCE[[#This Row],[LAVAMANOS / LAVAPLATOS / LAVADERO]]) -> 1 | BS105: =+IF(AVANCE[[#This Row],[CANALIZACIÓN]]=AC$2,100%,AVANCE[[#This Row],[CANALIZACIÓN]]) -> 1 | BT105: =+IF(AVANCE[[#This Row],[CABLEADO]]=AD$2,100%,AVANCE[[#This Row],[CABLEADO]]) -> 1 | BU105: =+IF(AVANCE[[#This Row],[ARTEFACTOS]]=AE$2,100%,AVANCE[[#This Row],[ARTEFACTOS]]) -> 1 | BV105: =+IF(AVANCE[[#This Row],[TABLERO]]=AF$2,100%,AVANCE[[#This Row],[TABLERO]]) -> 1 | BW105: =+IF(AVANCE[[#This Row],[CAJA PAU]]=AG$2,100%,AVANCE[[#This Row],[CAJA PAU]]) -> 1 | BX105: =+IF(AVANCE[[#This Row],[INSTALACION VINILICO]]=AJ$2,100%,AVANCE[[#This Row],[INSTALACION VINILICO]]) -> 1 | BY105: =+IF(AVANCE[[#This Row],[OSB CUBIERTA]]=AK$2,100%,AVANCE[[#This Row],[OSB CUBIERTA]]) -> 1 | BZ105: =+IF(AVANCE[[#This Row],[BARANDA BALCON]]=AL$2,100%,AVANCE[[#This Row],[BARANDA BALCON]]) -> 1 | CA105: =+IF(AVANCE[[#This Row],[OSB EXTERIOR]]=AM$2,100%,AVANCE[[#This Row],[OSB EXTERIOR]]) -> 1 | CB105: =+IF(AVANCE[[#This Row],[SMART PANEL]]=AN$2,100%,AVANCE[[#This Row],[SMART PANEL]]) -> 1 | CC105: =+IF(AVANCE[[#This Row],[PINTURA EXTERIOR]]=AO$2,100%,AVANCE[[#This Row],[PINTURA EXTERIOR]]) -> 1 | CD105: =+IF(AVANCE[[#This Row],[ZOCALOS LOGIA]]=AP$2,100%,AVANCE[[#This Row],[ZOCALOS LOGIA]]) -> 1 | CE105: =+IF(AVANCE[[#This Row],[MOLDURAS]]=AQ$2,100%,AVANCE[[#This Row],[MOLDURAS]]) -> 1 | CF105: =+IF(AVANCE[[#This Row],[PILASTREO]]=AR$2,100%,AVANCE[[#This Row],[PILASTREO]]) -> 1 | CG105: =+IF(AVANCE[[#This Row],[CELOSIAS]]=AS$2,100%,AVANCE[[#This Row],[CELOSIAS]]) -> 1 | CH105: =+IF(AVANCE[[#This Row],[VENTANAS]]=AT$2,100%,AVANCE[[#This Row],[VENTANAS]]) -> 1 | CI105: =+IF(AVANCE[[#This Row],[PUERTAS ACCESO - LOGIA - BANO]]=AU$2,100%,AVANCE[[#This Row],[PUERTAS ACCESO - LOGIA - BANO]]) -> 1 | CJ105: =+IF(AVANCE[[#This Row],[CERRADURAS]]=AV$2,100%,AVANCE[[#This Row],[CERRADURAS]]) -> 1 | CK105: =+IF(AVANCE[[#This Row],[REVESTIMIENTO INTERIOR ZONA SECA]]=AW$2,100%,AVANCE[[#This Row],[REVESTIMIENTO INTERIOR ZONA SECA]]) -> 1 | CL105: =+IF(AVANCE[[#This Row],[REVESTIMIENTO INTERIOR ZONAS HUMEDAS]]=AX$2,100%,AVANCE[[#This Row],[REVESTIMIENTO INTERIOR ZONAS HUMEDAS]]) -> 1 | CM105: =+IF(AVANCE[[#This Row],[MEMBRANA CIELO]]=AY$2,100%,AVANCE[[#This Row],[MEMBRANA CIELO]]) -> 1 | CN105: =+IF(AVANCE[[#This Row],[LIMPIEZA FINAL]]=AZ$2,100%,AVANCE[[#This Row],[LIMPIEZA FINAL]]) -> 1 | CO105: =+IF(AVANCE[[#This Row],[PUERTAS DORMITORIO]]=BA$2,100%,AVANCE[[#This Row],[PUERTAS DORMITORIO]]) -> 1 | CP105: =+IF(AVANCE[[#This Row],[REVESTIMIENTO INTERIOR BANO]]=BB$2,100%,AVANCE[[#This Row],[REVESTIMIENTO INTERIOR BANO]]) -> 1 | CQ105: =+IF(AVANCE[[#This Row],[MUEBLE LAVAPLATOS]]=BC$2,100%,AVANCE[[#This Row],[MUEBLE LAVAPLATOS]]) -> 1 | CR105: =+IF(AVANCE[[#This Row],[IMPERMEABILIZACION BANO - COCINA LOGIA]]=BD$2,100%,AVANCE[[#This Row],[IMPERMEABILIZACION BANO - COCINA LOGIA]]) -> 1 | CS105: =+IF(AVANCE[[#This Row],[ESTADO MODULO]]="PENDIENTE",(TODAY()-AVANCE[[#This Row],[FECHA TERMINO PLANIFICADO]]),0) -> 0 | CT105: {=_xlfn.TEXTJOIN(" | ",TRUE,IF(SUMPRODUCT((BG105:CR105<1)*(PARTIDAS!$I$2:$AT$2="OBRA GRUESA"))>0,"OBRA GRUESA: "&_xlfn.TEXTJOIN(", ",TRUE,IF((BG105:CR105<1)*(PARTIDAS!$I$2:$AT$2="OBRA GRUESA"),PARTIDAS!$I$1:$AT$1,"")),""),IF(SUMPRODUCT((BG105:CR105<1)*(PARTIDAS!$I$2:$AT$2="SANITARIOS"))>0,"SANITARIOS: "&_xlfn.TEXTJOIN(", ",TRUE,IF((BG105:CR105<1)*(PARTIDAS!$I$2:$AT$2="SANITARIOS"),PARTIDAS!$I$1:$AT$1,"")),""),IF(SUMPRODUCT((BG105:CR105<1)*(PARTIDAS!$I$2:$AT$2="ELÉCTRICO"))>0,"ELÉCTRICO: "&_xlfn.TEXTJOIN(", ",TRUE,IF((BG105:CR105<1)*(PARTIDAS!$I$2:$AT$2="ELÉCTRICO"),PARTIDAS!$I$1:$AT$1,"")),""),IF(SUMPRODUCT((BG105:CR105<1)*(PARTIDAS!$I$2:$AT$2="TERMINACIONES"))>0,"TERMINACIONES: "&_xlfn.TEXTJOIN(", ",TRUE,IF((BG105:CR105<1)*(PARTIDAS!$I$2:$AT$2="TERMINACIONES"),PARTIDAS!$I$1:$AT$1,"")),""))} | CU105: {=_xlfn.TEXTJOIN(", ",TRUE,IF(SUMPRODUCT((BG105:CR105<1)*(PARTIDAS!$I$2:$AT$2="OBRA GRUESA"))>0,"OBRA GRUESA",""),IF(SUMPRODUCT((BG105:CR105<1)*(PARTIDAS!$I$2:$AT$2="SANITARIOS"))>0,"SANITARIOS",""),IF(SUMPRODUCT((BG105:CR105<1)*(PARTIDAS!$I$2:$AT$2="ELÉCTRICO"))>0,"ELÉCTRICO",""),IF(SUMPRODUCT((BG105:CR105<1)*(PARTIDAS!$I$2:$AT$2="TERMINACIONES"))>0,"TERMINACIONES",""))} | CV105: {=SUMPRODUCT(--(BG105:CR105<1))} -> 0
A106: TORRE 04 | B106: M-00105 | C106: 2282600105 | D106: SECO | E106: 1 | F106: 46181 | G106: 46189 | H106: 46226 | I106: 46205 | K106: 46226 | L106: 0.43 | M106: 1 | N106: 0.27906977 | O106: 0.18604651 | P106: 0.25581395 | Q106: 0.18604651 | R106: 0.093023256 | S106: 0.09 | T106: 1 | U106: 0.22222222 | V106: 0.22222222 | W106: 0.11111111 | X106: 0.11111111 | Y106: 0.11111111 | Z106: 0.22222222 | AA106: 0.11 | AB106: 1 | AC106: 0.27272727 | AD106: 0.27272727 | AE106: 0.090909091 | AF106: 0.18181818 | AG106: 0.18181818 | AH106: 0.37 | AI106: 1 | AJ106: 0.054054054 | AK106: 0.054054054 | AL106: 0.027027027 | AM106: 0.081081081 | AN106: 0.081081081 | AO106: 0.067567568 | AP106: 0.054054054 | AQ106: 0.013513514 | AR106: 0.040540541 | AS106: 0.013513514 | AT106: 0.081081081 | AU106: 0.054054054 | AV106: 0.027027027 | AW106: 0.054054054 | AX106: 0.054054054 | AY106: 0.027027027 | AZ106: 0.040540541 | BA106: 0.054054054 | BB106: 0.081081081 | BC106: 0.013513514 | BD106: 0.027027027 | BE106: 28.87 | BF106: =+IF(AVANCE[[#This Row],[% AVANCE]]=100%,"MODULO TERMINADO",IF(AVANCE[[#This Row],[FECHA INICIO REAL]]="","MODULO NO INICIADO","PENDIENTE")) -> MODULO TERMINADO | BG106: =+IF(AVANCE[[#This Row],[VENTANAS]]=8.10810810810811%,100%,AVANCE[[#This Row],[VENTANAS]]) -> 1 | BH106: =+IF(AVANCE[[#This Row],[PISO]]=N$2,100%,AVANCE[[#This Row],[PISO]]) -> 1 | BI106: =+IF(AVANCE[[#This Row],[TABIQUES]]=O$2,100%,AVANCE[[#This Row],[TABIQUES]]) -> 1 | BJ106: =+IF(AVANCE[[#This Row],[MUROS]]=P$2,100%,AVANCE[[#This Row],[MUROS]]) -> 1 | BK106: =+IF(AVANCE[[#This Row],[CIELO]]=Q$2,100%,AVANCE[[#This Row],[CIELO]]) -> 1 | BL106: =+IF(AVANCE[[#This Row],[BALCÓN]]=R$2,100%,AVANCE[[#This Row],[BALCÓN]]) -> 1 | BM106: =+IF(AVANCE[[#This Row],[RED ALCANTARILLADO]]=U$2,100%,AVANCE[[#This Row],[RED ALCANTARILLADO]]) -> 1 | BN106: =+IF(AVANCE[[#This Row],[RED DE AGUA]]=V$2,100%,AVANCE[[#This Row],[RED DE AGUA]]) -> 1 | BO106: =+IF(AVANCE[[#This Row],[VENTILACIONES]]=W$2,100%,AVANCE[[#This Row],[VENTILACIONES]]) -> 1 | BP106: =+IF(AVANCE[[#This Row],[TINA]]=X$2,100%,AVANCE[[#This Row],[TINA]]) -> 1 | BQ106: =+IF(AVANCE[[#This Row],[WC]]=Y$2,100%,AVANCE[[#This Row],[WC]]) -> 1 | BR106: =+IF(AVANCE[[#This Row],[LAVAMANOS / LAVAPLATOS / LAVADERO]]=Z$2,100%,AVANCE[[#This Row],[LAVAMANOS / LAVAPLATOS / LAVADERO]]) -> 1 | BS106: =+IF(AVANCE[[#This Row],[CANALIZACIÓN]]=AC$2,100%,AVANCE[[#This Row],[CANALIZACIÓN]]) -> 1 | BT106: =+IF(AVANCE[[#This Row],[CABLEADO]]=AD$2,100%,AVANCE[[#This Row],[CABLEADO]]) -> 1 | BU106: =+IF(AVANCE[[#This Row],[ARTEFACTOS]]=AE$2,100%,AVANCE[[#This Row],[ARTEFACTOS]]) -> 1 | BV106: =+IF(AVANCE[[#This Row],[TABLERO]]=AF$2,100%,AVANCE[[#This Row],[TABLERO]]) -> 1 | BW106: =+IF(AVANCE[[#This Row],[CAJA PAU]]=AG$2,100%,AVANCE[[#This Row],[CAJA PAU]]) -> 1 | BX106: =+IF(AVANCE[[#This Row],[INSTALACION VINILICO]]=AJ$2,100%,AVANCE[[#This Row],[INSTALACION VINILICO]]) -> 1 | BY106: =+IF(AVANCE[[#This Row],[OSB CUBIERTA]]=AK$2,100%,AVANCE[[#This Row],[OSB CUBIERTA]]) -> 1 | BZ106: =+IF(AVANCE[[#This Row],[BARANDA BALCON]]=AL$2,100%,AVANCE[[#This Row],[BARANDA BALCON]]) -> 1 | CA106: =+IF(AVANCE[[#This Row],[OSB EXTERIOR]]=AM$2,100%,AVANCE[[#This Row],[OSB EXTERIOR]]) -> 1 | CB106: =+IF(AVANCE[[#This Row],[SMART PANEL]]=AN$2,100%,AVANCE[[#This Row],[SMART PANEL]]) -> 1 | CC106: =+IF(AVANCE[[#This Row],[PINTURA EXTERIOR]]=AO$2,100%,AVANCE[[#This Row],[PINTURA EXTERIOR]]) -> 1 | CD106: =+IF(AVANCE[[#This Row],[ZOCALOS LOGIA]]=AP$2,100%,AVANCE[[#This Row],[ZOCALOS LOGIA]]) -> 1 | CE106: =+IF(AVANCE[[#This Row],[MOLDURAS]]=AQ$2,100%,AVANCE[[#This Row],[MOLDURAS]]) -> 1 | CF106: =+IF(AVANCE[[#This Row],[PILASTREO]]=AR$2,100%,AVANCE[[#This Row],[PILASTREO]]) -> 1 | CG106: =+IF(AVANCE[[#This Row],[CELOSIAS]]=AS$2,100%,AVANCE[[#This Row],[CELOSIAS]]) -> 1 | CH106: =+IF(AVANCE[[#This Row],[VENTANAS]]=AT$2,100%,AVANCE[[#This Row],[VENTANAS]]) -> 1 | CI106: =+IF(AVANCE[[#This Row],[PUERTAS ACCESO - LOGIA - BANO]]=AU$2,100%,AVANCE[[#This Row],[PUERTAS ACCESO - LOGIA - BANO]]) -> 1 | CJ106: =+IF(AVANCE[[#This Row],[CERRADURAS]]=AV$2,100%,AVANCE[[#This Row],[CERRADURAS]]) -> 1 | CK106: =+IF(AVANCE[[#This Row],[REVESTIMIENTO INTERIOR ZONA SECA]]=AW$2,100%,AVANCE[[#This Row],[REVESTIMIENTO INTERIOR ZONA SECA]]) -> 1 | CL106: =+IF(AVANCE[[#This Row],[REVESTIMIENTO INTERIOR ZONAS HUMEDAS]]=AX$2,100%,AVANCE[[#This Row],[REVESTIMIENTO INTERIOR ZONAS HUMEDAS]]) -> 1 | CM106: =+IF(AVANCE[[#This Row],[MEMBRANA CIELO]]=AY$2,100%,AVANCE[[#This Row],[MEMBRANA CIELO]]) -> 1 | CN106: =+IF(AVANCE[[#This Row],[LIMPIEZA FINAL]]=AZ$2,100%,AVANCE[[#This Row],[LIMPIEZA FINAL]]) -> 1 | CO106: =+IF(AVANCE[[#This Row],[PUERTAS DORMITORIO]]=BA$2,100%,AVANCE[[#This Row],[PUERTAS DORMITORIO]]) -> 1 | CP106: =+IF(AVANCE[[#This Row],[REVESTIMIENTO INTERIOR BANO]]=BB$2,100%,AVANCE[[#This Row],[REVESTIMIENTO INTERIOR BANO]]) -> 1 | CQ106: =+IF(AVANCE[[#This Row],[MUEBLE LAVAPLATOS]]=BC$2,100%,AVANCE[[#This Row],[MUEBLE LAVAPLATOS]]) -> 1 | CR106: =+IF(AVANCE[[#This Row],[IMPERMEABILIZACION BANO - COCINA LOGIA]]=BD$2,100%,AVANCE[[#This Row],[IMPERMEABILIZACION BANO - COCINA LOGIA]]) -> 1 | CS106: =+IF(AVANCE[[#This Row],[ESTADO MODULO]]="PENDIENTE",(TODAY()-AVANCE[[#This Row],[FECHA TERMINO PLANIFICADO]]),0) -> 0 | CT106: {=_xlfn.TEXTJOIN(" | ",TRUE,IF(SUMPRODUCT((BG106:CR106<1)*(PARTIDAS!$I$2:$AT$2="OBRA GRUESA"))>0,"OBRA GRUESA: "&_xlfn.TEXTJOIN(", ",TRUE,IF((BG106:CR106<1)*(PARTIDAS!$I$2:$AT$2="OBRA GRUESA"),PARTIDAS!$I$1:$AT$1,"")),""),IF(SUMPRODUCT((BG106:CR106<1)*(PARTIDAS!$I$2:$AT$2="SANITARIOS"))>0,"SANITARIOS: "&_xlfn.TEXTJOIN(", ",TRUE,IF((BG106:CR106<1)*(PARTIDAS!$I$2:$AT$2="SANITARIOS"),PARTIDAS!$I$1:$AT$1,"")),""),IF(SUMPRODUCT((BG106:CR106<1)*(PARTIDAS!$I$2:$AT$2="ELÉCTRICO"))>0,"ELÉCTRICO: "&_xlfn.TEXTJOIN(", ",TRUE,IF((BG106:CR106<1)*(PARTIDAS!$I$2:$AT$2="ELÉCTRICO"),PARTIDAS!$I$1:$AT$1,"")),""),IF(SUMPRODUCT((BG106:CR106<1)*(PARTIDAS!$I$2:$AT$2="TERMINACIONES"))>0,"TERMINACIONES: "&_xlfn.TEXTJOIN(", ",TRUE,IF((BG106:CR106<1)*(PARTIDAS!$I$2:$AT$2="TERMINACIONES"),PARTIDAS!$I$1:$AT$1,"")),""))} | CU106: {=_xlfn.TEXTJOIN(", ",TRUE,IF(SUMPRODUCT((BG106:CR106<1)*(PARTIDAS!$I$2:$AT$2="OBRA GRUESA"))>0,"OBRA GRUESA",""),IF(SUMPRODUCT((BG106:CR106<1)*(PARTIDAS!$I$2:$AT$2="SANITARIOS"))>0,"SANITARIOS",""),IF(SUMPRODUCT((BG106:CR106<1)*(PARTIDAS!$I$2:$AT$2="ELÉCTRICO"))>0,"ELÉCTRICO",""),IF(SUMPRODUCT((BG106:CR106<1)*(PARTIDAS!$I$2:$AT$2="TERMINACIONES"))>0,"TERMINACIONES",""))} | CV106: {=SUMPRODUCT(--(BG106:CR106<1))} -> 0
A107: TORRE 04 | B107: M-00106 | C107: 2302600106 | D107: HUMEDO | E107: 0.955 | F107: 46181 | G107: 46190 | H107: 46227 | I107: 46215 | J107: 3 | L107: 0.43 | M107: 1 | N107: 0.27906977 | O107: 0.18604651 | P107: 0.25581395 | Q107: 0.18604651 | R107: 0.093023256 | S107: 0.09 | T107: 1 | U107: 0.22222222 | V107: 0.22222222 | W107: 0.11111111 | X107: 0.11111111 | Y107: 0.11111111 | Z107: 0.22222222 | AA107: 0.11 | AB107: 1 | AC107: 0.27272727 | AD107: 0.27272727 | AE107: 0.090909091 | AF107: 0.18181818 | AG107: 0.18181818 | AH107: 0.325 | AI107: 0.87837838 | AJ107: 0.054054054 | AK107: 0.054054054 | AL107: 0.027027027 | AM107: 0.081081081 | AN107: 0.081081081 | AO107: 0.067567568 | AP107: 0.054054054 | AQ107: 0.013513514 | AR107: 0.040540541 | AS107: 0.013513514 | AT107: 0.081081081 | AU107: 0.054054054 | AV107: 0.027027027 | AW107: 0.054054054 | AX107: 0.054054054 | AY107: 0.027027027 | AZ107: 0 | BA107: 0.054054054 | BB107: 0 | BC107: 0.013513514 | BD107: 0.027027027 | BE107: 31.32 | BF107: =+IF(AVANCE[[#This Row],[% AVANCE]]=100%,"MODULO TERMINADO",IF(AVANCE[[#This Row],[FECHA INICIO REAL]]="","MODULO NO INICIADO","PENDIENTE")) -> PENDIENTE | BG107: =+IF(AVANCE[[#This Row],[VENTANAS]]=8.10810810810811%,100%,AVANCE[[#This Row],[VENTANAS]]) -> 1 | BH107: =+IF(AVANCE[[#This Row],[PISO]]=N$2,100%,AVANCE[[#This Row],[PISO]]) -> 1 | BI107: =+IF(AVANCE[[#This Row],[TABIQUES]]=O$2,100%,AVANCE[[#This Row],[TABIQUES]]) -> 1 | BJ107: =+IF(AVANCE[[#This Row],[MUROS]]=P$2,100%,AVANCE[[#This Row],[MUROS]]) -> 1 | BK107: =+IF(AVANCE[[#This Row],[CIELO]]=Q$2,100%,AVANCE[[#This Row],[CIELO]]) -> 1 | BL107: =+IF(AVANCE[[#This Row],[BALCÓN]]=R$2,100%,AVANCE[[#This Row],[BALCÓN]]) -> 1 | BM107: =+IF(AVANCE[[#This Row],[RED ALCANTARILLADO]]=U$2,100%,AVANCE[[#This Row],[RED ALCANTARILLADO]]) -> 1 | BN107: =+IF(AVANCE[[#This Row],[RED DE AGUA]]=V$2,100%,AVANCE[[#This Row],[RED DE AGUA]]) -> 1 | BO107: =+IF(AVANCE[[#This Row],[VENTILACIONES]]=W$2,100%,AVANCE[[#This Row],[VENTILACIONES]]) -> 1 | BP107: =+IF(AVANCE[[#This Row],[TINA]]=X$2,100%,AVANCE[[#This Row],[TINA]]) -> 1 | BQ107: =+IF(AVANCE[[#This Row],[WC]]=Y$2,100%,AVANCE[[#This Row],[WC]]) -> 1 | BR107: =+IF(AVANCE[[#This Row],[LAVAMANOS / LAVAPLATOS / LAVADERO]]=Z$2,100%,AVANCE[[#This Row],[LAVAMANOS / LAVAPLATOS / LAVADERO]]) -> 1 | BS107: =+IF(AVANCE[[#This Row],[CANALIZACIÓN]]=AC$2,100%,AVANCE[[#This Row],[CANALIZACIÓN]]) -> 1 | BT107: =+IF(AVANCE[[#This Row],[CABLEADO]]=AD$2,100%,AVANCE[[#This Row],[CABLEADO]]) -> 1 | BU107: =+IF(AVANCE[[#This Row],[ARTEFACTOS]]=AE$2,100%,AVANCE[[#This Row],[ARTEFACTOS]]) -> 1 | BV107: =+IF(AVANCE[[#This Row],[TABLERO]]=AF$2,100%,AVANCE[[#This Row],[TABLERO]]) -> 1 | BW107: =+IF(AVANCE[[#This Row],[CAJA PAU]]=AG$2,100%,AVANCE[[#This Row],[CAJA PAU]]) -> 1 | BX107: =+IF(AVANCE[[#This Row],[INSTALACION VINILICO]]=AJ$2,100%,AVANCE[[#This Row],[INSTALACION VINILICO]]) -> 1 | BY107: =+IF(AVANCE[[#This Row],[OSB CUBIERTA]]=AK$2,100%,AVANCE[[#This Row],[OSB CUBIERTA]]) -> 1 | BZ107: =+IF(AVANCE[[#This Row],[BARANDA BALCON]]=AL$2,100%,AVANCE[[#This Row],[BARANDA BALCON]]) -> 1 | CA107: =+IF(AVANCE[[#This Row],[OSB EXTERIOR]]=AM$2,100%,AVANCE[[#This Row],[OSB EXTERIOR]]) -> 1 | CB107: =+IF(AVANCE[[#This Row],[SMART PANEL]]=AN$2,100%,AVANCE[[#This Row],[SMART PANEL]]) -> 1 | CC107: =+IF(AVANCE[[#This Row],[PINTURA EXTERIOR]]=AO$2,100%,AVANCE[[#This Row],[PINTURA EXTERIOR]]) -> 1 | CD107: =+IF(AVANCE[[#This Row],[ZOCALOS LOGIA]]=AP$2,100%,AVANCE[[#This Row],[ZOCALOS LOGIA]]) -> 1 | CE107: =+IF(AVANCE[[#This Row],[MOLDURAS]]=AQ$2,100%,AVANCE[[#This Row],[MOLDURAS]]) -> 1 | CF107: =+IF(AVANCE[[#This Row],[PILASTREO]]=AR$2,100%,AVANCE[[#This Row],[PILASTREO]]) -> 1 | CG107: =+IF(AVANCE[[#This Row],[CELOSIAS]]=AS$2,100%,AVANCE[[#This Row],[CELOSIAS]]) -> 1 | CH107: =+IF(AVANCE[[#This Row],[VENTANAS]]=AT$2,100%,AVANCE[[#This Row],[VENTANAS]]) -> 1 | CI107: =+IF(AVANCE[[#This Row],[PUERTAS ACCESO - LOGIA - BANO]]=AU$2,100%,AVANCE[[#This Row],[PUERTAS ACCESO - LOGIA - BANO]]) -> 1 | CJ107: =+IF(AVANCE[[#This Row],[CERRADURAS]]=AV$2,100%,AVANCE[[#This Row],[CERRADURAS]]) -> 1 | CK107: =+IF(AVANCE[[#This Row],[REVESTIMIENTO INTERIOR ZONA SECA]]=AW$2,100%,AVANCE[[#This Row],[REVESTIMIENTO INTERIOR ZONA SECA]]) -> 1 | CL107: =+IF(AVANCE[[#This Row],[REVESTIMIENTO INTERIOR ZONAS HUMEDAS]]=AX$2,100%,AVANCE[[#This Row],[REVESTIMIENTO INTERIOR ZONAS HUMEDAS]]) -> 1 | CM107: =+IF(AVANCE[[#This Row],[MEMBRANA CIELO]]=AY$2,100%,AVANCE[[#This Row],[MEMBRANA CIELO]]) -> 1 | CN107: =+IF(AVANCE[[#This Row],[LIMPIEZA FINAL]]=AZ$2,100%,AVANCE[[#This Row],[LIMPIEZA FINAL]]) -> 0 | CO107: =+IF(AVANCE[[#This Row],[PUERTAS DORMITORIO]]=BA$2,100%,AVANCE[[#This Row],[PUERTAS DORMITORIO]]) -> 1 | CP107: =+IF(AVANCE[[#This Row],[REVESTIMIENTO INTERIOR BANO]]=BB$2,100%,AVANCE[[#This Row],[REVESTIMIENTO INTERIOR BANO]]) -> 0 | CQ107: =+IF(AVANCE[[#This Row],[MUEBLE LAVAPLATOS]]=BC$2,100%,AVANCE[[#This Row],[MUEBLE LAVAPLATOS]]) -> 1 | CR107: =+IF(AVANCE[[#This Row],[IMPERMEABILIZACION BANO - COCINA LOGIA]]=BD$2,100%,AVANCE[[#This Row],[IMPERMEABILIZACION BANO - COCINA LOGIA]]) -> 1 | CS107: =+IF(AVANCE[[#This Row],[ESTADO MODULO]]="PENDIENTE",(TODAY()-AVANCE[[#This Row],[FECHA TERMINO PLANIFICADO]]),0) -> 15 | CT107: {=_xlfn.TEXTJOIN(" | ",TRUE,IF(SUMPRODUCT((BG107:CR107<1)*(PARTIDAS!$I$2:$AT$2="OBRA GRUESA"))>0,"OBRA GRUESA: "&_xlfn.TEXTJOIN(", ",TRUE,IF((BG107:CR107<1)*(PARTIDAS!$I$2:$AT$2="OBRA GRUESA"),PARTIDAS!$I$1:$AT$1,"")),""),IF(SUMPRODUCT((BG107:CR107<1)*(PARTIDAS!$I$2:$AT$2="SANITARIOS"))>0,"SANITARIOS: "&_xlfn.TEXTJOIN(", ",TRUE,IF((BG107:CR107<1)*(PARTIDAS!$I$2:$AT$2="SANITARIOS"),PARTIDAS!$I$1:$AT$1,"")),""),IF(SUMPRODUCT((BG107:CR107<1)*(PARTIDAS!$I$2:$AT$2="ELÉCTRICO"))>0,"ELÉCTRICO: "&_xlfn.TEXTJOIN(", ",TRUE,IF((BG107:CR107<1)*(PARTIDAS!$I$2:$AT$2="ELÉCTRICO"),PARTIDAS!$I$1:$AT$1,"")),""),IF(SUMPRODUCT((BG107:CR107<1)*(PARTIDAS!$I$2:$AT$2="TERMINACIONES"))>0,"TERMINACIONES: "&_xlfn.TEXTJOIN(", ",TRUE,IF((BG107:CR107<1)*(PARTIDAS!$I$2:$AT$2="TERMINACIONES"),PARTIDAS!$I$1:$AT$1,"")),""))} -> TERMINACIONES: LIMPIEZA FINAL, REVESTIMIENTO INTERIOR BANO | CU107: {=_xlfn.TEXTJOIN(", ",TRUE,IF(SUMPRODUCT((BG107:CR107<1)*(PARTIDAS!$I$2:$AT$2="OBRA GRUESA"))>0,"OBRA GRUESA",""),IF(SUMPRODUCT((BG107:CR107<1)*(PARTIDAS!$I$2:$AT$2="SANITARIOS"))>0,"SANITARIOS",""),IF(SUMPRODUCT((BG107:CR107<1)*(PARTIDAS!$I$2:$AT$2="ELÉCTRICO"))>0,"ELÉCTRICO",""),IF(SUMPRODUCT((BG107:CR107<1)*(PARTIDAS!$I$2:$AT$2="TERMINACIONES"))>0,"TERMINACIONES",""))} -> TERMINACIONES | CV107: {=SUMPRODUCT(--(BG107:CR107<1))} -> 2
A108: TORRE 04 | B108: M-00107 | C108: 2302600107 | D108: HUMEDO | E108: 0.91 | F108: 46182 | G108: 46196 | H108: 46227 | I108: 46216 | J108: 3 | L108: 0.43 | M108: 1 | N108: 0.27906977 | O108: 0.18604651 | P108: 0.25581395 | Q108: 0.18604651 | R108: 0.093023256 | S108: 0.08 | T108: 0.88888889 | U108: 0.22222222 | V108: 0.22222222 | W108: 0 | X108: 0.11111111 | Y108: 0.11111111 | Z108: 0.22222222 | AA108: 0.11 | AB108: 1 | AC108: 0.27272727 | AD108: 0.27272727 | AE108: 0.090909091 | AF108: 0.18181818 | AG108: 0.18181818 | AH108: 0.29 | AI108: 0.78378378 | AJ108: 0.054054054 | AK108: 0.054054054 | AL108: 0 | AM108: 0.081081081 | AN108: 0.081081081 | AO108: 0.067567568 | AP108: 0.054054054 | AQ108: 0 | AR108: 0.040540541 | AS108: 0.013513514 | AT108: 0.081081081 | AU108: 0.054054054 | AV108: 0.027027027 | AW108: 0 | AX108: 0.054054054 | AY108: 0.027027027 | AZ108: 0 | BA108: 0.054054054 | BB108: 0 | BC108: 0.013513514 | BD108: 0.027027027 | BE108: 31.32 | BF108: =+IF(AVANCE[[#This Row],[% AVANCE]]=100%,"MODULO TERMINADO",IF(AVANCE[[#This Row],[FECHA INICIO REAL]]="","MODULO NO INICIADO","PENDIENTE")) -> PENDIENTE | BG108: =+IF(AVANCE[[#This Row],[VENTANAS]]=8.10810810810811%,100%,AVANCE[[#This Row],[VENTANAS]]) -> 1 | BH108: =+IF(AVANCE[[#This Row],[PISO]]=N$2,100%,AVANCE[[#This Row],[PISO]]) -> 1 | BI108: =+IF(AVANCE[[#This Row],[TABIQUES]]=O$2,100%,AVANCE[[#This Row],[TABIQUES]]) -> 1 | BJ108: =+IF(AVANCE[[#This Row],[MUROS]]=P$2,100%,AVANCE[[#This Row],[MUROS]]) -> 1 | BK108: =+IF(AVANCE[[#This Row],[CIELO]]=Q$2,100%,AVANCE[[#This Row],[CIELO]]) -> 1 | BL108: =+IF(AVANCE[[#This Row],[BALCÓN]]=R$2,100%,AVANCE[[#This Row],[BALCÓN]]) -> 1 | BM108: =+IF(AVANCE[[#This Row],[RED ALCANTARILLADO]]=U$2,100%,AVANCE[[#This Row],[RED ALCANTARILLADO]]) -> 1 | BN108: =+IF(AVANCE[[#This Row],[RED DE AGUA]]=V$2,100%,AVANCE[[#This Row],[RED DE AGUA]]) -> 1 | BO108: =+IF(AVANCE[[#This Row],[VENTILACIONES]]=W$2,100%,AVANCE[[#This Row],[VENTILACIONES]]) -> 0 | BP108: =+IF(AVANCE[[#This Row],[TINA]]=X$2,100%,AVANCE[[#This Row],[TINA]]) -> 1 | BQ108: =+IF(AVANCE[[#This Row],[WC]]=Y$2,100%,AVANCE[[#This Row],[WC]]) -> 1 | BR108: =+IF(AVANCE[[#This Row],[LAVAMANOS / LAVAPLATOS / LAVADERO]]=Z$2,100%,AVANCE[[#This Row],[LAVAMANOS / LAVAPLATOS / LAVADERO]]) -> 1 | BS108: =+IF(AVANCE[[#This Row],[CANALIZACIÓN]]=AC$2,100%,AVANCE[[#This Row],[CANALIZACIÓN]]) -> 1 | BT108: =+IF(AVANCE[[#This Row],[CABLEADO]]=AD$2,100%,AVANCE[[#This Row],[CABLEADO]]) -> 1 | BU108: =+IF(AVANCE[[#This Row],[ARTEFACTOS]]=AE$2,100%,AVANCE[[#This Row],[ARTEFACTOS]]) -> 1 | BV108: =+IF(AVANCE[[#This Row],[TABLERO]]=AF$2,100%,AVANCE[[#This Row],[TABLERO]]) -> 1 | BW108: =+IF(AVANCE[[#This Row],[CAJA PAU]]=AG$2,100%,AVANCE[[#This Row],[CAJA PAU]]) -> 1 | BX108: =+IF(AVANCE[[#This Row],[INSTALACION VINILICO]]=AJ$2,100%,AVANCE[[#This Row],[INSTALACION VINILICO]]) -> 1 | BY108: =+IF(AVANCE[[#This Row],[OSB CUBIERTA]]=AK$2,100%,AVANCE[[#This Row],[OSB CUBIERTA]]) -> 1 | BZ108: =+IF(AVANCE[[#This Row],[BARANDA BALCON]]=AL$2,100%,AVANCE[[#This Row],[BARANDA BALCON]]) -> 0 | CA108: =+IF(AVANCE[[#This Row],[OSB EXTERIOR]]=AM$2,100%,AVANCE[[#This Row],[OSB EXTERIOR]]) -> 1 | CB108: =+IF(AVANCE[[#This Row],[SMART PANEL]]=AN$2,100%,AVANCE[[#This Row],[SMART PANEL]]) -> 1 | CC108: =+IF(AVANCE[[#This Row],[PINTURA EXTERIOR]]=AO$2,100%,AVANCE[[#This Row],[PINTURA EXTERIOR]]) -> 1 | CD108: =+IF(AVANCE[[#This Row],[ZOCALOS LOGIA]]=AP$2,100%,AVANCE[[#This Row],[ZOCALOS LOGIA]]) -> 1 | CE108: =+IF(AVANCE[[#This Row],[MOLDURAS]]=AQ$2,100%,AVANCE[[#This Row],[MOLDURAS]]) -> 0 | CF108: =+IF(AVANCE[[#This Row],[PILASTREO]]=AR$2,100%,AVANCE[[#This Row],[PILASTREO]]) -> 1 | CG108: =+IF(AVANCE[[#This Row],[CELOSIAS]]=AS$2,100%,AVANCE[[#This Row],[CELOSIAS]]) -> 1 | CH108: =+IF(AVANCE[[#This Row],[VENTANAS]]=AT$2,100%,AVANCE[[#This Row],[VENTANAS]]) -> 1 | CI108: =+IF(AVANCE[[#This Row],[PUERTAS ACCESO - LOGIA - BANO]]=AU$2,100%,AVANCE[[#This Row],[PUERTAS ACCESO - LOGIA - BANO]]) -> 1 | CJ108: =+IF(AVANCE[[#This Row],[CERRADURAS]]=AV$2,100%,AVANCE[[#This Row],[CERRADURAS]]) -> 1 | CK108: =+IF(AVANCE[[#This Row],[REVESTIMIENTO INTERIOR ZONA SECA]]=AW$2,100%,AVANCE[[#This Row],[REVESTIMIENTO INTERIOR ZONA SECA]]) -> 0 | CL108: =+IF(AVANCE[[#This Row],[REVESTIMIENTO INTERIOR ZONAS HUMEDAS]]=AX$2,100%,AVANCE[[#This Row],[REVESTIMIENTO INTERIOR ZONAS HUMEDAS]]) -> 1 | CM108: =+IF(AVANCE[[#This Row],[MEMBRANA CIELO]]=AY$2,100%,AVANCE[[#This Row],[MEMBRANA CIELO]]) -> 1 | CN108: =+IF(AVANCE[[#This Row],[LIMPIEZA FINAL]]=AZ$2,100%,AVANCE[[#This Row],[LIMPIEZA FINAL]]) -> 0 | CO108: =+IF(AVANCE[[#This Row],[PUERTAS DORMITORIO]]=BA$2,100%,AVANCE[[#This Row],[PUERTAS DORMITORIO]]) -> 1 | CP108: =+IF(AVANCE[[#This Row],[REVESTIMIENTO INTERIOR BANO]]=BB$2,100%,AVANCE[[#This Row],[REVESTIMIENTO INTERIOR BANO]]) -> 0 | CQ108: =+IF(AVANCE[[#This Row],[MUEBLE LAVAPLATOS]]=BC$2,100%,AVANCE[[#This Row],[MUEBLE LAVAPLATOS]]) -> 1 | CR108: =+IF(AVANCE[[#This Row],[IMPERMEABILIZACION BANO - COCINA LOGIA]]=BD$2,100%,AVANCE[[#This Row],[IMPERMEABILIZACION BANO - COCINA LOGIA]]) -> 1 | CS108: =+IF(AVANCE[[#This Row],[ESTADO MODULO]]="PENDIENTE",(TODAY()-AVANCE[[#This Row],[FECHA TERMINO PLANIFICADO]]),0) -> 14 | CT108: {=_xlfn.TEXTJOIN(" | ",TRUE,IF(SUMPRODUCT((BG108:CR108<1)*(PARTIDAS!$I$2:$AT$2="OBRA GRUESA"))>0,"OBRA GRUESA: "&_xlfn.TEXTJOIN(", ",TRUE,IF((BG108:CR108<1)*(PARTIDAS!$I$2:$AT$2="OBRA GRUESA"),PARTIDAS!$I$1:$AT$1,"")),""),IF(SUMPRODUCT((BG108:CR108<1)*(PARTIDAS!$I$2:$AT$2="SANITARIOS"))>0,"SANITARIOS: "&_xlfn.TEXTJOIN(", ",TRUE,IF((BG108:CR108<1)*(PARTIDAS!$I$2:$AT$2="SANITARIOS"),PARTIDAS!$I$1:$AT$1,"")),""),IF(SUMPRODUCT((BG108:CR108<1)*(PARTIDAS!$I$2:$AT$2="ELÉCTRICO"))>0,"ELÉCTRICO: "&_xlfn.TEXTJOIN(", ",TRUE,IF((BG108:CR108<1)*(PARTIDAS!$I$2:$AT$2="ELÉCTRICO"),PARTIDAS!$I$1:$AT$1,"")),""),IF(SUMPRODUCT((BG108:CR108<1)*(PARTIDAS!$I$2:$AT$2="TERMINACIONES"))>0,"TERMINACIONES: "&_xlfn.TEXTJOIN(", ",TRUE,IF((BG108:CR108<1)*(PARTIDAS!$I$2:$AT$2="TERMINACIONES"),PARTIDAS!$I$1:$AT$1,"")),""))} -> SANITARIOS: VENTILACIONES | TERMINACIONES: BARANDA BALCON, MOLDURAS, REVESTIMIENTO INTERIOR ZONA SECA, LIMPIEZA FINAL, REVESTIMIENTO INTERIOR BANO | CU108: {=_xlfn.TEXTJOIN(", ",TRUE,IF(SUMPRODUCT((BG108:CR108<1)*(PARTIDAS!$I$2:$AT$2="OBRA GRUESA"))>0,"OBRA GRUESA",""),IF(SUMPRODUCT((BG108:CR108<1)*(PARTIDAS!$I$2:$AT$2="SANITARIOS"))>0,"SANITARIOS",""),IF(SUMPRODUCT((BG108:CR108<1)*(PARTIDAS!$I$2:$AT$2="ELÉCTRICO"))>0,"ELÉCTRICO",""),IF(SUMPRODUCT((BG108:CR108<1)*(PARTIDAS!$I$2:$AT$2="TERMINACIONES"))>0,"TERMINACIONES",""))} -> SANITARIOS, TERMINACIONES | CV108: {=SUMPRODUCT(--(BG108:CR108<1))} -> 6
A109: TORRE 04 | B109: M-00108 | C109: 2282600108 | D109: SECO | E109: 0.96 | F109: 46182 | G109: 46196 | H109: 46227 | I109: 46206 | J109: 3 | L109: 0.43 | M109: 1 | N109: 0.27906977 | O109: 0.18604651 | P109: 0.25581395 | Q109: 0.18604651 | R109: 0.093023256 | S109: 0.09 | T109: 1 | U109: 0.22222222 | V109: 0.22222222 | W109: 0.11111111 | X109: 0.11111111 | Y109: 0.11111111 | Z109: 0.22222222 | AA109: 0.11 | AB109: 1 | AC109: 0.27272727 | AD109: 0.27272727 | AE109: 0.090909091 | AF109: 0.18181818 | AG109: 0.18181818 | AH109: 0.33 | AI109: 0.89189189 | AJ109: 0.054054054 | AK109: 0.054054054 | AL109: 0.027027027 | AM109: 0.081081081 | AN109: 0.081081081 | AO109: 0 | AP109: 0.054054054 | AQ109: 0.013513514 | AR109: 0.040540541 | AS109: 0.013513514 | AT109: 0.081081081 | AU109: 0.054054054 | AV109: 0.027027027 | AW109: 0.054054054 | AX109: 0.054054054 | AY109: 0.027027027 | AZ109: 0 | BA109: 0.054054054 | BB109: 0.081081081 | BC109: 0.013513514 | BD109: 0.027027027 | BE109: 28.87 | BF109: =+IF(AVANCE[[#This Row],[% AVANCE]]=100%,"MODULO TERMINADO",IF(AVANCE[[#This Row],[FECHA INICIO REAL]]="","MODULO NO INICIADO","PENDIENTE")) -> PENDIENTE | BG109: =+IF(AVANCE[[#This Row],[VENTANAS]]=8.10810810810811%,100%,AVANCE[[#This Row],[VENTANAS]]) -> 1 | BH109: =+IF(AVANCE[[#This Row],[PISO]]=N$2,100%,AVANCE[[#This Row],[PISO]]) -> 1 | BI109: =+IF(AVANCE[[#This Row],[TABIQUES]]=O$2,100%,AVANCE[[#This Row],[TABIQUES]]) -> 1 | BJ109: =+IF(AVANCE[[#This Row],[MUROS]]=P$2,100%,AVANCE[[#This Row],[MUROS]]) -> 1 | BK109: =+IF(AVANCE[[#This Row],[CIELO]]=Q$2,100%,AVANCE[[#This Row],[CIELO]]) -> 1 | BL109: =+IF(AVANCE[[#This Row],[BALCÓN]]=R$2,100%,AVANCE[[#This Row],[BALCÓN]]) -> 1 | BM109: =+IF(AVANCE[[#This Row],[RED ALCANTARILLADO]]=U$2,100%,AVANCE[[#This Row],[RED ALCANTARILLADO]]) -> 1 | BN109: =+IF(AVANCE[[#This Row],[RED DE AGUA]]=V$2,100%,AVANCE[[#This Row],[RED DE AGUA]]) -> 1 | BO109: =+IF(AVANCE[[#This Row],[VENTILACIONES]]=W$2,100%,AVANCE[[#This Row],[VENTILACIONES]]) -> 1 | BP109: =+IF(AVANCE[[#This Row],[TINA]]=X$2,100%,AVANCE[[#This Row],[TINA]]) -> 1 | BQ109: =+IF(AVANCE[[#This Row],[WC]]=Y$2,100%,AVANCE[[#This Row],[WC]]) -> 1 | BR109: =+IF(AVANCE[[#This Row],[LAVAMANOS / LAVAPLATOS / LAVADERO]]=Z$2,100%,AVANCE[[#This Row],[LAVAMANOS / LAVAPLATOS / LAVADERO]]) -> 1 | BS109: =+IF(AVANCE[[#This Row],[CANALIZACIÓN]]=AC$2,100%,AVANCE[[#This Row],[CANALIZACIÓN]]) -> 1 | BT109: =+IF(AVANCE[[#This Row],[CABLEADO]]=AD$2,100%,AVANCE[[#This Row],[CABLEADO]]) -> 1 | BU109: =+IF(AVANCE[[#This Row],[ARTEFACTOS]]=AE$2,100%,AVANCE[[#This Row],[ARTEFACTOS]]) -> 1 | BV109: =+IF(AVANCE[[#This Row],[TABLERO]]=AF$2,100%,AVANCE[[#This Row],[TABLERO]]) -> 1 | BW109: =+IF(AVANCE[[#This Row],[CAJA PAU]]=AG$2,100%,AVANCE[[#This Row],[CAJA PAU]]) -> 1 | BX109: =+IF(AVANCE[[#This Row],[INSTALACION VINILICO]]=AJ$2,100%,AVANCE[[#This Row],[INSTALACION VINILICO]]) -> 1 | BY109: =+IF(AVANCE[[#This Row],[OSB CUBIERTA]]=AK$2,100%,AVANCE[[#This Row],[OSB CUBIERTA]]) -> 1 | BZ109: =+IF(AVANCE[[#This Row],[BARANDA BALCON]]=AL$2,100%,AVANCE[[#This Row],[BARANDA BALCON]]) -> 1 | CA109: =+IF(AVANCE[[#This Row],[OSB EXTERIOR]]=AM$2,100%,AVANCE[[#This Row],[OSB EXTERIOR]]) -> 1 | CB109: =+IF(AVANCE[[#This Row],[SMART PANEL]]=AN$2,100%,AVANCE[[#This Row],[SMART PANEL]]) -> 1 | CC109: =+IF(AVANCE[[#This Row],[PINTURA EXTERIOR]]=AO$2,100%,AVANCE[[#This Row],[PINTURA EXTERIOR]]) -> 0 | CD109: =+IF(AVANCE[[#This Row],[ZOCALOS LOGIA]]=AP$2,100%,AVANCE[[#This Row],[ZOCALOS LOGIA]]) -> 1 | CE109: =+IF(AVANCE[[#This Row],[MOLDURAS]]=AQ$2,100%,AVANCE[[#This Row],[MOLDURAS]]) -> 1 | CF109: =+IF(AVANCE[[#This Row],[PILASTREO]]=AR$2,100%,AVANCE[[#This Row],[PILASTREO]]) -> 1 | CG109: =+IF(AVANCE[[#This Row],[CELOSIAS]]=AS$2,100%,AVANCE[[#This Row],[CELOSIAS]]) -> 1 | CH109: =+IF(AVANCE[[#This Row],[VENTANAS]]=AT$2,100%,AVANCE[[#This Row],[VENTANAS]]) -> 1 | CI109: =+IF(AVANCE[[#This Row],[PUERTAS ACCESO - LOGIA - BANO]]=AU$2,100%,AVANCE[[#This Row],[PUERTAS ACCESO - LOGIA - BANO]]) -> 1 | CJ109: =+IF(AVANCE[[#This Row],[CERRADURAS]]=AV$2,100%,AVANCE[[#This Row],[CERRADURAS]]) -> 1 | CK109: =+IF(AVANCE[[#This Row],[REVESTIMIENTO INTERIOR ZONA SECA]]=AW$2,100%,AVANCE[[#This Row],[REVESTIMIENTO INTERIOR ZONA SECA]]) -> 1 | CL109: =+IF(AVANCE[[#This Row],[REVESTIMIENTO INTERIOR ZONAS HUMEDAS]]=AX$2,100%,AVANCE[[#This Row],[REVESTIMIENTO INTERIOR ZONAS HUMEDAS]]) -> 1 | CM109: =+IF(AVANCE[[#This Row],[MEMBRANA CIELO]]=AY$2,100%,AVANCE[[#This Row],[MEMBRANA CIELO]]) -> 1 | CN109: =+IF(AVANCE[[#This Row],[LIMPIEZA FINAL]]=AZ$2,100%,AVANCE[[#This Row],[LIMPIEZA FINAL]]) -> 0 | CO109: =+IF(AVANCE[[#This Row],[PUERTAS DORMITORIO]]=BA$2,100%,AVANCE[[#This Row],[PUERTAS DORMITORIO]]) -> 1 | CP109: =+IF(AVANCE[[#This Row],[REVESTIMIENTO INTERIOR BANO]]=BB$2,100%,AVANCE[[#This Row],[REVESTIMIENTO INTERIOR BANO]]) -> 1 | CQ109: =+IF(AVANCE[[#This Row],[MUEBLE LAVAPLATOS]]=BC$2,100%,AVANCE[[#This Row],[MUEBLE LAVAPLATOS]]) -> 1 | CR109: =+IF(AVANCE[[#This Row],[IMPERMEABILIZACION BANO - COCINA LOGIA]]=BD$2,100%,AVANCE[[#This Row],[IMPERMEABILIZACION BANO - COCINA LOGIA]]) -> 1 | CS109: =+IF(AVANCE[[#This Row],[ESTADO MODULO]]="PENDIENTE",(TODAY()-AVANCE[[#This Row],[FECHA TERMINO PLANIFICADO]]),0) -> 24 | CT109: {=_xlfn.TEXTJOIN(" | ",TRUE,IF(SUMPRODUCT((BG109:CR109<1)*(PARTIDAS!$I$2:$AT$2="OBRA GRUESA"))>0,"OBRA GRUESA: "&_xlfn.TEXTJOIN(", ",TRUE,IF((BG109:CR109<1)*(PARTIDAS!$I$2:$AT$2="OBRA GRUESA"),PARTIDAS!$I$1:$AT$1,"")),""),IF(SUMPRODUCT((BG109:CR109<1)*(PARTIDAS!$I$2:$AT$2="SANITARIOS"))>0,"SANITARIOS: "&_xlfn.TEXTJOIN(", ",TRUE,IF((BG109:CR109<1)*(PARTIDAS!$I$2:$AT$2="SANITARIOS"),PARTIDAS!$I$1:$AT$1,"")),""),IF(SUMPRODUCT((BG109:CR109<1)*(PARTIDAS!$I$2:$AT$2="ELÉCTRICO"))>0,"ELÉCTRICO: "&_xlfn.TEXTJOIN(", ",TRUE,IF((BG109:CR109<1)*(PARTIDAS!$I$2:$AT$2="ELÉCTRICO"),PARTIDAS!$I$1:$AT$1,"")),""),IF(SUMPRODUCT((BG109:CR109<1)*(PARTIDAS!$I$2:$AT$2="TERMINACIONES"))>0,"TERMINACIONES: "&_xlfn.TEXTJOIN(", ",TRUE,IF((BG109:CR109<1)*(PARTIDAS!$I$2:$AT$2="TERMINACIONES"),PARTIDAS!$I$1:$AT$1,"")),""))} -> TERMINACIONES: PINTURA EXTERIOR, LIMPIEZA FINAL | CU109: {=_xlfn.TEXTJOIN(", ",TRUE,IF(SUMPRODUCT((BG109:CR109<1)*(PARTIDAS!$I$2:$AT$2="OBRA GRUESA"))>0,"OBRA GRUESA",""),IF(SUMPRODUCT((BG109:CR109<1)*(PARTIDAS!$I$2:$AT$2="SANITARIOS"))>0,"SANITARIOS",""),IF(SUMPRODUCT((BG109:CR109<1)*(PARTIDAS!$I$2:$AT$2="ELÉCTRICO"))>0,"ELÉCTRICO",""),IF(SUMPRODUCT((BG109:CR109<1)*(PARTIDAS!$I$2:$AT$2="TERMINACIONES"))>0,"TERMINACIONES",""))} -> TERMINACIONES | CV109: {=SUMPRODUCT(--(BG109:CR109<1))} -> 2
A110: TORRE 04 | B110: M-00109 | C110: 2282600109 | D110: SECO | E110: 0.965 | F110: 46183 | G110: 46196 | H110: 46227 | I110: 46207 | J110: 3 | L110: 0.43 | M110: 1 | N110: 0.27906977 | O110: 0.18604651 | P110: 0.25581395 | Q110: 0.18604651 | R110: 0.093023256 | S110: 0.09 | T110: 1 | U110: 0.22222222 | V110: 0.22222222 | W110: 0.11111111 | X110: 0.11111111 | Y110: 0.11111111 | Z110: 0.22222222 | AA110: 0.11 | AB110: 1 | AC110: 0.27272727 | AD110: 0.27272727 | AE110: 0.090909091 | AF110: 0.18181818 | AG110: 0.18181818 | AH110: 0.335 | AI110: 0.90540541 | AJ110: 0.054054054 | AK110: 0.054054054 | AL110: 0.027027027 | AM110: 0.081081081 | AN110: 0.081081081 | AO110: 0.067567568 | AP110: 0.054054054 | AQ110: 0.013513514 | AR110: 0 | AS110: 0 | AT110: 0.081081081 | AU110: 0.054054054 | AV110: 0.027027027 | AW110: 0.054054054 | AX110: 0.054054054 | AY110: 0.027027027 | AZ110: 0 | BA110: 0.054054054 | BB110: 0.081081081 | BC110: 0.013513514 | BD110: 0.027027027 | BE110: 28.87 | BF110: =+IF(AVANCE[[#This Row],[% AVANCE]]=100%,"MODULO TERMINADO",IF(AVANCE[[#This Row],[FECHA INICIO REAL]]="","MODULO NO INICIADO","PENDIENTE")) -> PENDIENTE | BG110: =+IF(AVANCE[[#This Row],[VENTANAS]]=8.10810810810811%,100%,AVANCE[[#This Row],[VENTANAS]]) -> 1 | BH110: =+IF(AVANCE[[#This Row],[PISO]]=N$2,100%,AVANCE[[#This Row],[PISO]]) -> 1 | BI110: =+IF(AVANCE[[#This Row],[TABIQUES]]=O$2,100%,AVANCE[[#This Row],[TABIQUES]]) -> 1 | BJ110: =+IF(AVANCE[[#This Row],[MUROS]]=P$2,100%,AVANCE[[#This Row],[MUROS]]) -> 1 | BK110: =+IF(AVANCE[[#This Row],[CIELO]]=Q$2,100%,AVANCE[[#This Row],[CIELO]]) -> 1 | BL110: =+IF(AVANCE[[#This Row],[BALCÓN]]=R$2,100%,AVANCE[[#This Row],[BALCÓN]]) -> 1 | BM110: =+IF(AVANCE[[#This Row],[RED ALCANTARILLADO]]=U$2,100%,AVANCE[[#This Row],[RED ALCANTARILLADO]]) -> 1 | BN110: =+IF(AVANCE[[#This Row],[RED DE AGUA]]=V$2,100%,AVANCE[[#This Row],[RED DE AGUA]]) -> 1 | BO110: =+IF(AVANCE[[#This Row],[VENTILACIONES]]=W$2,100%,AVANCE[[#This Row],[VENTILACIONES]]) -> 1 | BP110: =+IF(AVANCE[[#This Row],[TINA]]=X$2,100%,AVANCE[[#This Row],[TINA]]) -> 1 | BQ110: =+IF(AVANCE[[#This Row],[WC]]=Y$2,100%,AVANCE[[#This Row],[WC]]) -> 1 | BR110: =+IF(AVANCE[[#This Row],[LAVAMANOS / LAVAPLATOS / LAVADERO]]=Z$2,100%,AVANCE[[#This Row],[LAVAMANOS / LAVAPLATOS / LAVADERO]]) -> 1 | BS110: =+IF(AVANCE[[#This Row],[CANALIZACIÓN]]=AC$2,100%,AVANCE[[#This Row],[CANALIZACIÓN]]) -> 1 | BT110: =+IF(AVANCE[[#This Row],[CABLEADO]]=AD$2,100%,AVANCE[[#This Row],[CABLEADO]]) -> 1 | BU110: =+IF(AVANCE[[#This Row],[ARTEFACTOS]]=AE$2,100%,AVANCE[[#This Row],[ARTEFACTOS]]) -> 1 | BV110: =+IF(AVANCE[[#This Row],[TABLERO]]=AF$2,100%,AVANCE[[#This Row],[TABLERO]]) -> 1 | BW110: =+IF(AVANCE[[#This Row],[CAJA PAU]]=AG$2,100%,AVANCE[[#This Row],[CAJA PAU]]) -> 1 | BX110: =+IF(AVANCE[[#This Row],[INSTALACION VINILICO]]=AJ$2,100%,AVANCE[[#This Row],[INSTALACION VINILICO]]) -> 1 | BY110: =+IF(AVANCE[[#This Row],[OSB CUBIERTA]]=AK$2,100%,AVANCE[[#This Row],[OSB CUBIERTA]]) -> 1 | BZ110: =+IF(AVANCE[[#This Row],[BARANDA BALCON]]=AL$2,100%,AVANCE[[#This Row],[BARANDA BALCON]]) -> 1 | CA110: =+IF(AVANCE[[#This Row],[OSB EXTERIOR]]=AM$2,100%,AVANCE[[#This Row],[OSB EXTERIOR]]) -> 1 | CB110: =+IF(AVANCE[[#This Row],[SMART PANEL]]=AN$2,100%,AVANCE[[#This Row],[SMART PANEL]]) -> 1 | CC110: =+IF(AVANCE[[#This Row],[PINTURA EXTERIOR]]=AO$2,100%,AVANCE[[#This Row],[PINTURA EXTERIOR]]) -> 1 | CD110: =+IF(AVANCE[[#This Row],[ZOCALOS LOGIA]]=AP$2,100%,AVANCE[[#This Row],[ZOCALOS LOGIA]]) -> 1 | CE110: =+IF(AVANCE[[#This Row],[MOLDURAS]]=AQ$2,100%,AVANCE[[#This Row],[MOLDURAS]]) -> 1 | CF110: =+IF(AVANCE[[#This Row],[PILASTREO]]=AR$2,100%,AVANCE[[#This Row],[PILASTREO]]) -> 0 | CG110: =+IF(AVANCE[[#This Row],[CELOSIAS]]=AS$2,100%,AVANCE[[#This Row],[CELOSIAS]]) -> 0 | CH110: =+IF(AVANCE[[#This Row],[VENTANAS]]=AT$2,100%,AVANCE[[#This Row],[VENTANAS]]) -> 1 | CI110: =+IF(AVANCE[[#This Row],[PUERTAS ACCESO - LOGIA - BANO]]=AU$2,100%,AVANCE[[#This Row],[PUERTAS ACCESO - LOGIA - BANO]]) -> 1 | CJ110: =+IF(AVANCE[[#This Row],[CERRADURAS]]=AV$2,100%,AVANCE[[#This Row],[CERRADURAS]]) -> 1 | CK110: =+IF(AVANCE[[#This Row],[REVESTIMIENTO INTERIOR ZONA SECA]]=AW$2,100%,AVANCE[[#This Row],[REVESTIMIENTO INTERIOR ZONA SECA]]) -> 1 | CL110: =+IF(AVANCE[[#This Row],[REVESTIMIENTO INTERIOR ZONAS HUMEDAS]]=AX$2,100%,AVANCE[[#This Row],[REVESTIMIENTO INTERIOR ZONAS HUMEDAS]]) -> 1 | CM110: =+IF(AVANCE[[#This Row],[MEMBRANA CIELO]]=AY$2,100%,AVANCE[[#This Row],[MEMBRANA CIELO]]) -> 1 | CN110: =+IF(AVANCE[[#This Row],[LIMPIEZA FINAL]]=AZ$2,100%,AVANCE[[#This Row],[LIMPIEZA FINAL]]) -> 0 | CO110: =+IF(AVANCE[[#This Row],[PUERTAS DORMITORIO]]=BA$2,100%,AVANCE[[#This Row],[PUERTAS DORMITORIO]]) -> 1 | CP110: =+IF(AVANCE[[#This Row],[REVESTIMIENTO INTERIOR BANO]]=BB$2,100%,AVANCE[[#This Row],[REVESTIMIENTO INTERIOR BANO]]) -> 1 | CQ110: =+IF(AVANCE[[#This Row],[MUEBLE LAVAPLATOS]]=BC$2,100%,AVANCE[[#This Row],[MUEBLE LAVAPLATOS]]) -> 1 | CR110: =+IF(AVANCE[[#This Row],[IMPERMEABILIZACION BANO - COCINA LOGIA]]=BD$2,100%,AVANCE[[#This Row],[IMPERMEABILIZACION BANO - COCINA LOGIA]]) -> 1 | CS110: =+IF(AVANCE[[#This Row],[ESTADO MODULO]]="PENDIENTE",(TODAY()-AVANCE[[#This Row],[FECHA TERMINO PLANIFICADO]]),0) -> 23 | CT110: {=_xlfn.TEXTJOIN(" | ",TRUE,IF(SUMPRODUCT((BG110:CR110<1)*(PARTIDAS!$I$2:$AT$2="OBRA GRUESA"))>0,"OBRA GRUESA: "&_xlfn.TEXTJOIN(", ",TRUE,IF((BG110:CR110<1)*(PARTIDAS!$I$2:$AT$2="OBRA GRUESA"),PARTIDAS!$I$1:$AT$1,"")),""),IF(SUMPRODUCT((BG110:CR110<1)*(PARTIDAS!$I$2:$AT$2="SANITARIOS"))>0,"SANITARIOS: "&_xlfn.TEXTJOIN(", ",TRUE,IF((BG110:CR110<1)*(PARTIDAS!$I$2:$AT$2="SANITARIOS"),PARTIDAS!$I$1:$AT$1,"")),""),IF(SUMPRODUCT((BG110:CR110<1)*(PARTIDAS!$I$2:$AT$2="ELÉCTRICO"))>0,"ELÉCTRICO: "&_xlfn.TEXTJOIN(", ",TRUE,IF((BG110:CR110<1)*(PARTIDAS!$I$2:$AT$2="ELÉCTRICO"),PARTIDAS!$I$1:$AT$1,"")),""),IF(SUMPRODUCT((BG110:CR110<1)*(PARTIDAS!$I$2:$AT$2="TERMINACIONES"))>0,"TERMINACIONES: "&_xlfn.TEXTJOIN(", ",TRUE,IF((BG110:CR110<1)*(PARTIDAS!$I$2:$AT$2="TERMINACIONES"),PARTIDAS!$I$1:$AT$1,"")),""))} -> TERMINACIONES: PILASTREO, CELOSIAS, LIMPIEZA FINAL | CU110: {=_xlfn.TEXTJOIN(", ",TRUE,IF(SUMPRODUCT((BG110:CR110<1)*(PARTIDAS!$I$2:$AT$2="OBRA GRUESA"))>0,"OBRA GRUESA",""),IF(SUMPRODUCT((BG110:CR110<1)*(PARTIDAS!$I$2:$AT$2="SANITARIOS"))>0,"SANITARIOS",""),IF(SUMPRODUCT((BG110:CR110<1)*(PARTIDAS!$I$2:$AT$2="ELÉCTRICO"))>0,"ELÉCTRICO",""),IF(SUMPRODUCT((BG110:CR110<1)*(PARTIDAS!$I$2:$AT$2="TERMINACIONES"))>0,"TERMINACIONES",""))} -> TERMINACIONES | CV110: {=SUMPRODUCT(--(BG110:CR110<1))} -> 3
A111: TORRE 04 | B111: M-00110 | C111: 2302600110 | D111: HUMEDO | E111: 0.805 | F111: 46183 | G111: 46197 | H111: 46227 | I111: 46217 | J111: 3 | L111: 0.43 | M111: 1 | N111: 0.27906977 | O111: 0.18604651 | P111: 0.25581395 | Q111: 0.18604651 | R111: 0.093023256 | S111: 0.05 | T111: 0.55555556 | U111: 0.22222222 | V111: 0.22222222 | W111: 0 | X111: 0.11111111 | Y111: 0 | Z111: 0 | AA111: 0.08 | AB111: 0.72727273 | AC111: 0.27272727 | AD111: 0.27272727 | AE111: 0 | AF111: 0 | AG111: 0.18181818 | AH111: 0.245 | AI111: 0.66216216 | AJ111: 0.054054054 | AK111: 0.054054054 | AL111: 0 | AM111: 0.081081081 | AN111: 0.081081081 | AO111: 0 | AP111: 0.054054054 | AQ111: 0 | AR111: 0 | AS111: 0.013513514 | AT111: 0.081081081 | AU111: 0.054054054 | AV111: 0.027027027 | AW111: 0 | AX111: 0.054054054 | AY111: 0.027027027 | AZ111: 0 | BA111: 0.054054054 | BB111: 0 | BC111: 0 | BD111: 0.027027027 | BE111: 31.32 | BF111: =+IF(AVANCE[[#This Row],[% AVANCE]]=100%,"MODULO TERMINADO",IF(AVANCE[[#This Row],[FECHA INICIO REAL]]="","MODULO NO INICIADO","PENDIENTE")) -> PENDIENTE | BG111: =+IF(AVANCE[[#This Row],[VENTANAS]]=8.10810810810811%,100%,AVANCE[[#This Row],[VENTANAS]]) -> 1 | BH111: =+IF(AVANCE[[#This Row],[PISO]]=N$2,100%,AVANCE[[#This Row],[PISO]]) -> 1 | BI111: =+IF(AVANCE[[#This Row],[TABIQUES]]=O$2,100%,AVANCE[[#This Row],[TABIQUES]]) -> 1 | BJ111: =+IF(AVANCE[[#This Row],[MUROS]]=P$2,100%,AVANCE[[#This Row],[MUROS]]) -> 1 | BK111: =+IF(AVANCE[[#This Row],[CIELO]]=Q$2,100%,AVANCE[[#This Row],[CIELO]]) -> 1 | BL111: =+IF(AVANCE[[#This Row],[BALCÓN]]=R$2,100%,AVANCE[[#This Row],[BALCÓN]]) -> 1 | BM111: =+IF(AVANCE[[#This Row],[RED ALCANTARILLADO]]=U$2,100%,AVANCE[[#This Row],[RED ALCANTARILLADO]]) -> 1 | BN111: =+IF(AVANCE[[#This Row],[RED DE AGUA]]=V$2,100%,AVANCE[[#This Row],[RED DE AGUA]]) -> 1 | BO111: =+IF(AVANCE[[#This Row],[VENTILACIONES]]=W$2,100%,AVANCE[[#This Row],[VENTILACIONES]]) -> 0 | BP111: =+IF(AVANCE[[#This Row],[TINA]]=X$2,100%,AVANCE[[#This Row],[TINA]]) -> 1 | BQ111: =+IF(AVANCE[[#This Row],[WC]]=Y$2,100%,AVANCE[[#This Row],[WC]]) -> 0 | BR111: =+IF(AVANCE[[#This Row],[LAVAMANOS / LAVAPLATOS / LAVADERO]]=Z$2,100%,AVANCE[[#This Row],[LAVAMANOS / LAVAPLATOS / LAVADERO]]) -> 0 | BS111: =+IF(AVANCE[[#This Row],[CANALIZACIÓN]]=AC$2,100%,AVANCE[[#This Row],[CANALIZACIÓN]]) -> 1 | BT111: =+IF(AVANCE[[#This Row],[CABLEADO]]=AD$2,100%,AVANCE[[#This Row],[CABLEADO]]) -> 1 | BU111: =+IF(AVANCE[[#This Row],[ARTEFACTOS]]=AE$2,100%,AVANCE[[#This Row],[ARTEFACTOS]]) -> 0 | BV111: =+IF(AVANCE[[#This Row],[TABLERO]]=AF$2,100%,AVANCE[[#This Row],[TABLERO]]) -> 0 | BW111: =+IF(AVANCE[[#This Row],[CAJA PAU]]=AG$2,100%,AVANCE[[#This Row],[CAJA PAU]]) -> 1 | BX111: =+IF(AVANCE[[#This Row],[INSTALACION VINILICO]]=AJ$2,100%,AVANCE[[#This Row],[INSTALACION VINILICO]]) -> 1 | BY111: =+IF(AVANCE[[#This Row],[OSB CUBIERTA]]=AK$2,100%,AVANCE[[#This Row],[OSB CUBIERTA]]) -> 1 | BZ111: =+IF(AVANCE[[#This Row],[BARANDA BALCON]]=AL$2,100%,AVANCE[[#This Row],[BARANDA BALCON]]) -> 0 | CA111: =+IF(AVANCE[[#This Row],[OSB EXTERIOR]]=AM$2,100%,AVANCE[[#This Row],[OSB EXTERIOR]]) -> 1 | CB111: =+IF(AVANCE[[#This Row],[SMART PANEL]]=AN$2,100%,AVANCE[[#This Row],[SMART PANEL]]) -> 1 | CC111: =+IF(AVANCE[[#This Row],[PINTURA EXTERIOR]]=AO$2,100%,AVANCE[[#This Row],[PINTURA EXTERIOR]]) -> 0 | CD111: =+IF(AVANCE[[#This Row],[ZOCALOS LOGIA]]=AP$2,100%,AVANCE[[#This Row],[ZOCALOS LOGIA]]) -> 1 | CE111: =+IF(AVANCE[[#This Row],[MOLDURAS]]=AQ$2,100%,AVANCE[[#This Row],[MOLDURAS]]) -> 0 | CF111: =+IF(AVANCE[[#This Row],[PILASTREO]]=AR$2,100%,AVANCE[[#This Row],[PILASTREO]]) -> 0 | CG111: =+IF(AVANCE[[#This Row],[CELOSIAS]]=AS$2,100%,AVANCE[[#This Row],[CELOSIAS]]) -> 1 | CH111: =+IF(AVANCE[[#This Row],[VENTANAS]]=AT$2,100%,AVANCE[[#This Row],[VENTANAS]]) -> 1 | CI111: =+IF(AVANCE[[#This Row],[PUERTAS ACCESO - LOGIA - BANO]]=AU$2,100%,AVANCE[[#This Row],[PUERTAS ACCESO - LOGIA - BANO]]) -> 1 | CJ111: =+IF(AVANCE[[#This Row],[CERRADURAS]]=AV$2,100%,AVANCE[[#This Row],[CERRADURAS]]) -> 1 | CK111: =+IF(AVANCE[[#This Row],[REVESTIMIENTO INTERIOR ZONA SECA]]=AW$2,100%,AVANCE[[#This Row],[REVESTIMIENTO INTERIOR ZONA SECA]]) -> 0 | CL111: =+IF(AVANCE[[#This Row],[REVESTIMIENTO INTERIOR ZONAS HUMEDAS]]=AX$2,100%,AVANCE[[#This Row],[REVESTIMIENTO INTERIOR ZONAS HUMEDAS]]) -> 1 | CM111: =+IF(AVANCE[[#This Row],[MEMBRANA CIELO]]=AY$2,100%,AVANCE[[#This Row],[MEMBRANA CIELO]]) -> 1 | CN111: =+IF(AVANCE[[#This Row],[LIMPIEZA FINAL]]=AZ$2,100%,AVANCE[[#This Row],[LIMPIEZA FINAL]]) -> 0 | CO111: =+IF(AVANCE[[#This Row],[PUERTAS DORMITORIO]]=BA$2,100%,AVANCE[[#This Row],[PUERTAS DORMITORIO]]) -> 1 | CP111: =+IF(AVANCE[[#This Row],[REVESTIMIENTO INTERIOR BANO]]=BB$2,100%,AVANCE[[#This Row],[REVESTIMIENTO INTERIOR BANO]]) -> 0 | CQ111: =+IF(AVANCE[[#This Row],[MUEBLE LAVAPLATOS]]=BC$2,100%,AVANCE[[#This Row],[MUEBLE LAVAPLATOS]]) -> 0 | CR111: =+IF(AVANCE[[#This Row],[IMPERMEABILIZACION BANO - COCINA LOGIA]]=BD$2,100%,AVANCE[[#This Row],[IMPERMEABILIZACION BANO - COCINA LOGIA]]) -> 1 | CS111: =+IF(AVANCE[[#This Row],[ESTADO MODULO]]="PENDIENTE",(TODAY()-AVANCE[[#This Row],[FECHA TERMINO PLANIFICADO]]),0) -> 13 | CT111: {=_xlfn.TEXTJOIN(" | ",TRUE,IF(SUMPRODUCT((BG111:CR111<1)*(PARTIDAS!$I$2:$AT$2="OBRA GRUESA"))>0,"OBRA GRUESA: "&_xlfn.TEXTJOIN(", ",TRUE,IF((BG111:CR111<1)*(PARTIDAS!$I$2:$AT$2="OBRA GRUESA"),PARTIDAS!$I$1:$AT$1,"")),""),IF(SUMPRODUCT((BG111:CR111<1)*(PARTIDAS!$I$2:$AT$2="SANITARIOS"))>0,"SANITARIOS: "&_xlfn.TEXTJOIN(", ",TRUE,IF((BG111:CR111<1)*(PARTIDAS!$I$2:$AT$2="SANITARIOS"),PARTIDAS!$I$1:$AT$1,"")),""),IF(SUMPRODUCT((BG111:CR111<1)*(PARTIDAS!$I$2:$AT$2="ELÉCTRICO"))>0,"ELÉCTRICO: "&_xlfn.TEXTJOIN(", ",TRUE,IF((BG111:CR111<1)*(PARTIDAS!$I$2:$AT$2="ELÉCTRICO"),PARTIDAS!$I$1:$AT$1,"")),""),IF(SUMPRODUCT((BG111:CR111<1)*(PARTIDAS!$I$2:$AT$2="TERMINACIONES"))>0,"TERMINACIONES: "&_xlfn.TEXTJOIN(", ",TRUE,IF((BG111:CR111<1)*(PARTIDAS!$I$2:$AT$2="TERMINACIONES"),PARTIDAS!$I$1:$AT$1,"")),""))} -> SANITARIOS: VENTILACIONES, WC, LAVAMANOS / LAVAPLATOS / LAVADERO | ELÉCTRICO: ARTEFACTOS, TABLERO | TERMINACIONES: BARANDA BALCON, PINTURA EXTERIOR, MOLDURAS, PILASTREO, REVESTIMIENTO INTERIOR ZONA SECA, LIMPIEZA FINAL, REVESTIMIENTO INTERIOR BANO, MUEBLE LAVAPLATOS | CU111: {=_xlfn.TEXTJOIN(", ",TRUE,IF(SUMPRODUCT((BG111:CR111<1)*(PARTIDAS!$I$2:$AT$2="OBRA GRUESA"))>0,"OBRA GRUESA",""),IF(SUMPRODUCT((BG111:CR111<1)*(PARTIDAS!$I$2:$AT$2="SANITARIOS"))>0,"SANITARIOS",""),IF(SUMPRODUCT((BG111:CR111<1)*(PARTIDAS!$I$2:$AT$2="ELÉCTRICO"))>0,"ELÉCTRICO",""),IF(SUMPRODUCT((BG111:CR111<1)*(PARTIDAS!$I$2:$AT$2="TERMINACIONES"))>0,"TERMINACIONES",""))} -> SANITARIOS, ELÉCTRICO, TERMINACIONES | CV111: {=SUMPRODUCT(--(BG111:CR111<1))} -> 13
A112: TORRE 04 | B112: M-00111 | C112: 2302600111 | D112: HUMEDO | E112: 0.87 | F112: 46184 | G112: 46190 | H112: 46225 | I112: 46218 | J112: 5 | L112: 0.43 | M112: 1 | N112: 0.27906977 | O112: 0.18604651 | P112: 0.25581395 | Q112: 0.18604651 | R112: 0.093023256 | S112: 0.08 | T112: 0.88888889 | U112: 0.22222222 | V112: 0.22222222 | W112: 0 | X112: 0.11111111 | Y112: 0.11111111 | Z112: 0.22222222 | AA112: 0.03 | AB112: 0.27272727 | AC112: 0.27272727 | AD112: 0 | AE112: 0 | AF112: 0 | AG112: 0 | AH112: 0.33 | AI112: 0.89189189 | AJ112: 0.054054054 | AK112: 0.054054054 | AL112: 0.027027027 | AM112: 0.081081081 | AN112: 0.081081081 | AO112: 0.067567568 | AP112: 0.054054054 | AQ112: 0 | AR112: 0.040540541 | AS112: 0.013513514 | AT112: 0.081081081 | AU112: 0.054054054 | AV112: 0.027027027 | AW112: 0 | AX112: 0.054054054 | AY112: 0.027027027 | AZ112: 0 | BA112: 0.054054054 | BB112: 0.081081081 | BC112: 0.013513514 | BD112: 0.027027027 | BE112: 31.32 | BF112: =+IF(AVANCE[[#This Row],[% AVANCE]]=100%,"MODULO TERMINADO",IF(AVANCE[[#This Row],[FECHA INICIO REAL]]="","MODULO NO INICIADO","PENDIENTE")) -> PENDIENTE | BG112: =+IF(AVANCE[[#This Row],[VENTANAS]]=8.10810810810811%,100%,AVANCE[[#This Row],[VENTANAS]]) -> 1 | BH112: =+IF(AVANCE[[#This Row],[PISO]]=N$2,100%,AVANCE[[#This Row],[PISO]]) -> 1 | BI112: =+IF(AVANCE[[#This Row],[TABIQUES]]=O$2,100%,AVANCE[[#This Row],[TABIQUES]]) -> 1 | BJ112: =+IF(AVANCE[[#This Row],[MUROS]]=P$2,100%,AVANCE[[#This Row],[MUROS]]) -> 1 | BK112: =+IF(AVANCE[[#This Row],[CIELO]]=Q$2,100%,AVANCE[[#This Row],[CIELO]]) -> 1 | BL112: =+IF(AVANCE[[#This Row],[BALCÓN]]=R$2,100%,AVANCE[[#This Row],[BALCÓN]]) -> 1 | BM112: =+IF(AVANCE[[#This Row],[RED ALCANTARILLADO]]=U$2,100%,AVANCE[[#This Row],[RED ALCANTARILLADO]]) -> 1 | BN112: =+IF(AVANCE[[#This Row],[RED DE AGUA]]=V$2,100%,AVANCE[[#This Row],[RED DE AGUA]]) -> 1 | BO112: =+IF(AVANCE[[#This Row],[VENTILACIONES]]=W$2,100%,AVANCE[[#This Row],[VENTILACIONES]]) -> 0 | BP112: =+IF(AVANCE[[#This Row],[TINA]]=X$2,100%,AVANCE[[#This Row],[TINA]]) -> 1 | BQ112: =+IF(AVANCE[[#This Row],[WC]]=Y$2,100%,AVANCE[[#This Row],[WC]]) -> 1 | BR112: =+IF(AVANCE[[#This Row],[LAVAMANOS / LAVAPLATOS / LAVADERO]]=Z$2,100%,AVANCE[[#This Row],[LAVAMANOS / LAVAPLATOS / LAVADERO]]) -> 1 | BS112: =+IF(AVANCE[[#This Row],[CANALIZACIÓN]]=AC$2,100%,AVANCE[[#This Row],[CANALIZACIÓN]]) -> 1 | BT112: =+IF(AVANCE[[#This Row],[CABLEADO]]=AD$2,100%,AVANCE[[#This Row],[CABLEADO]]) -> 0 | BU112: =+IF(AVANCE[[#This Row],[ARTEFACTOS]]=AE$2,100%,AVANCE[[#This Row],[ARTEFACTOS]]) -> 0 | BV112: =+IF(AVANCE[[#This Row],[TABLERO]]=AF$2,100%,AVANCE[[#This Row],[TABLERO]]) -> 0 | BW112: =+IF(AVANCE[[#This Row],[CAJA PAU]]=AG$2,100%,AVANCE[[#This Row],[CAJA PAU]]) -> 0 | BX112: =+IF(AVANCE[[#This Row],[INSTALACION VINILICO]]=AJ$2,100%,AVANCE[[#This Row],[INSTALACION VINILICO]]) -> 1 | BY112: =+IF(AVANCE[[#This Row],[OSB CUBIERTA]]=AK$2,100%,AVANCE[[#This Row],[OSB CUBIERTA]]) -> 1 | BZ112: =+IF(AVANCE[[#This Row],[BARANDA BALCON]]=AL$2,100%,AVANCE[[#This Row],[BARANDA BALCON]]) -> 1 | CA112: =+IF(AVANCE[[#This Row],[OSB EXTERIOR]]=AM$2,100%,AVANCE[[#This Row],[OSB EXTERIOR]]) -> 1 | CB112: =+IF(AVANCE[[#This Row],[SMART PANEL]]=AN$2,100%,AVANCE[[#This Row],[SMART PANEL]]) -> 1 | CC112: =+IF(AVANCE[[#This Row],[PINTURA EXTERIOR]]=AO$2,100%,AVANCE[[#This Row],[PINTURA EXTERIOR]]) -> 1 | CD112: =+IF(AVANCE[[#This Row],[ZOCALOS LOGIA]]=AP$2,100%,AVANCE[[#This Row],[ZOCALOS LOGIA]]) -> 1 | CE112: =+IF(AVANCE[[#This Row],[MOLDURAS]]=AQ$2,100%,AVANCE[[#This Row],[MOLDURAS]]) -> 0 | CF112: =+IF(AVANCE[[#This Row],[PILASTREO]]=AR$2,100%,AVANCE[[#This Row],[PILASTREO]]) -> 1 | CG112: =+IF(AVANCE[[#This Row],[CELOSIAS]]=AS$2,100%,AVANCE[[#This Row],[CELOSIAS]]) -> 1 | CH112: =+IF(AVANCE[[#This Row],[VENTANAS]]=AT$2,100%,AVANCE[[#This Row],[VENTANAS]]) -> 1 | CI112: =+IF(AVANCE[[#This Row],[PUERTAS ACCESO - LOGIA - BANO]]=AU$2,100%,AVANCE[[#This Row],[PUERTAS ACCESO - LOGIA - BANO]]) -> 1 | CJ112: =+IF(AVANCE[[#This Row],[CERRADURAS]]=AV$2,100%,AVANCE[[#This Row],[CERRADURAS]]) -> 1 | CK112: =+IF(AVANCE[[#This Row],[REVESTIMIENTO INTERIOR ZONA SECA]]=AW$2,100%,AVANCE[[#This Row],[REVESTIMIENTO INTERIOR ZONA SECA]]) -> 0 | CL112: =+IF(AVANCE[[#This Row],[REVESTIMIENTO INTERIOR ZONAS HUMEDAS]]=AX$2,100%,AVANCE[[#This Row],[REVESTIMIENTO INTERIOR ZONAS HUMEDAS]]) -> 1 | CM112: =+IF(AVANCE[[#This Row],[MEMBRANA CIELO]]=AY$2,100%,AVANCE[[#This Row],[MEMBRANA CIELO]]) -> 1 | CN112: =+IF(AVANCE[[#This Row],[LIMPIEZA FINAL]]=AZ$2,100%,AVANCE[[#This Row],[LIMPIEZA FINAL]]) -> 0 | CO112: =+IF(AVANCE[[#This Row],[PUERTAS DORMITORIO]]=BA$2,100%,AVANCE[[#This Row],[PUERTAS DORMITORIO]]) -> 1 | CP112: =+IF(AVANCE[[#This Row],[REVESTIMIENTO INTERIOR BANO]]=BB$2,100%,AVANCE[[#This Row],[REVESTIMIENTO INTERIOR BANO]]) -> 1 | CQ112: =+IF(AVANCE[[#This Row],[MUEBLE LAVAPLATOS]]=BC$2,100%,AVANCE[[#This Row],[MUEBLE LAVAPLATOS]]) -> 1 | CR112: =+IF(AVANCE[[#This Row],[IMPERMEABILIZACION BANO - COCINA LOGIA]]=BD$2,100%,AVANCE[[#This Row],[IMPERMEABILIZACION BANO - COCINA LOGIA]]) -> 1 | CS112: =+IF(AVANCE[[#This Row],[ESTADO MODULO]]="PENDIENTE",(TODAY()-AVANCE[[#This Row],[FECHA TERMINO PLANIFICADO]]),0) -> 12 | CT112: {=_xlfn.TEXTJOIN(" | ",TRUE,IF(SUMPRODUCT((BG112:CR112<1)*(PARTIDAS!$I$2:$AT$2="OBRA GRUESA"))>0,"OBRA GRUESA: "&_xlfn.TEXTJOIN(", ",TRUE,IF((BG112:CR112<1)*(PARTIDAS!$I$2:$AT$2="OBRA GRUESA"),PARTIDAS!$I$1:$AT$1,"")),""),IF(SUMPRODUCT((BG112:CR112<1)*(PARTIDAS!$I$2:$AT$2="SANITARIOS"))>0,"SANITARIOS: "&_xlfn.TEXTJOIN(", ",TRUE,IF((BG112:CR112<1)*(PARTIDAS!$I$2:$AT$2="SANITARIOS"),PARTIDAS!$I$1:$AT$1,"")),""),IF(SUMPRODUCT((BG112:CR112<1)*(PARTIDAS!$I$2:$AT$2="ELÉCTRICO"))>0,"ELÉCTRICO: "&_xlfn.TEXTJOIN(", ",TRUE,IF((BG112:CR112<1)*(PARTIDAS!$I$2:$AT$2="ELÉCTRICO"),PARTIDAS!$I$1:$AT$1,"")),""),IF(SUMPRODUCT((BG112:CR112<1)*(PARTIDAS!$I$2:$AT$2="TERMINACIONES"))>0,"TERMINACIONES: "&_xlfn.TEXTJOIN(", ",TRUE,IF((BG112:CR112<1)*(PARTIDAS!$I$2:$AT$2="TERMINACIONES"),PARTIDAS!$I$1:$AT$1,"")),""))} -> SANITARIOS: VENTILACIONES | ELÉCTRICO: CABLEADO, ARTEFACTOS, TABLERO, CAJA PAU | TERMINACIONES: MOLDURAS, REVESTIMIENTO INTERIOR ZONA SECA, LIMPIEZA FINAL | CU112: {=_xlfn.TEXTJOIN(", ",TRUE,IF(SUMPRODUCT((BG112:CR112<1)*(PARTIDAS!$I$2:$AT$2="OBRA GRUESA"))>0,"OBRA GRUESA",""),IF(SUMPRODUCT((BG112:CR112<1)*(PARTIDAS!$I$2:$AT$2="SANITARIOS"))>0,"SANITARIOS",""),IF(SUMPRODUCT((BG112:CR112<1)*(PARTIDAS!$I$2:$AT$2="ELÉCTRICO"))>0,"ELÉCTRICO",""),IF(SUMPRODUCT((BG112:CR112<1)*(PARTIDAS!$I$2:$AT$2="TERMINACIONES"))>0,"TERMINACIONES",""))} -> SANITARIOS, ELÉCTRICO, TERMINACIONES | CV112: {=SUMPRODUCT(--(BG112:CR112<1))} -> 8
A113: TORRE 04 | B113: M-00112 | C113: 2282600112 | D113: SECO | E113: 0.925 | F113: 46184 | G113: 46192 | H113: 46227 | I113: 46208 | J113: 3 | L113: 0.43 | M113: 1 | N113: 0.27906977 | O113: 0.18604651 | P113: 0.25581395 | Q113: 0.18604651 | R113: 0.093023256 | S113: 0.09 | T113: 1 | U113: 0.22222222 | V113: 0.22222222 | W113: 0.11111111 | X113: 0.11111111 | Y113: 0.11111111 | Z113: 0.22222222 | AA113: 0.11 | AB113: 1 | AC113: 0.27272727 | AD113: 0.27272727 | AE113: 0.090909091 | AF113: 0.18181818 | AG113: 0.18181818 | AH113: 0.295 | AI113: 0.7972973 | AJ113: 0.054054054 | AK113: 0.054054054 | AL113: 0.027027027 | AM113: 0.081081081 | AN113: 0.081081081 | AO113: 0 | AP113: 0.054054054 | AQ113: 0 | AR113: 0 | AS113: 0 | AT113: 0.081081081 | AU113: 0.054054054 | AV113: 0 | AW113: 0.054054054 | AX113: 0.054054054 | AY113: 0.027027027 | AZ113: 0 | BA113: 0.054054054 | BB113: 0.081081081 | BC113: 0.013513514 | BD113: 0.027027027 | BE113: 28.87 | BF113: =+IF(AVANCE[[#This Row],[% AVANCE]]=100%,"MODULO TERMINADO",IF(AVANCE[[#This Row],[FECHA INICIO REAL]]="","MODULO NO INICIADO","PENDIENTE")) -> PENDIENTE | BG113: =+IF(AVANCE[[#This Row],[VENTANAS]]=8.10810810810811%,100%,AVANCE[[#This Row],[VENTANAS]]) -> 1 | BH113: =+IF(AVANCE[[#This Row],[PISO]]=N$2,100%,AVANCE[[#This Row],[PISO]]) -> 1 | BI113: =+IF(AVANCE[[#This Row],[TABIQUES]]=O$2,100%,AVANCE[[#This Row],[TABIQUES]]) -> 1 | BJ113: =+IF(AVANCE[[#This Row],[MUROS]]=P$2,100%,AVANCE[[#This Row],[MUROS]]) -> 1 | BK113: =+IF(AVANCE[[#This Row],[CIELO]]=Q$2,100%,AVANCE[[#This Row],[CIELO]]) -> 1 | BL113: =+IF(AVANCE[[#This Row],[BALCÓN]]=R$2,100%,AVANCE[[#This Row],[BALCÓN]]) -> 1 | BM113: =+IF(AVANCE[[#This Row],[RED ALCANTARILLADO]]=U$2,100%,AVANCE[[#This Row],[RED ALCANTARILLADO]]) -> 1 | BN113: =+IF(AVANCE[[#This Row],[RED DE AGUA]]=V$2,100%,AVANCE[[#This Row],[RED DE AGUA]]) -> 1 | BO113: =+IF(AVANCE[[#This Row],[VENTILACIONES]]=W$2,100%,AVANCE[[#This Row],[VENTILACIONES]]) -> 1 | BP113: =+IF(AVANCE[[#This Row],[TINA]]=X$2,100%,AVANCE[[#This Row],[TINA]]) -> 1 | BQ113: =+IF(AVANCE[[#This Row],[WC]]=Y$2,100%,AVANCE[[#This Row],[WC]]) -> 1 | BR113: =+IF(AVANCE[[#This Row],[LAVAMANOS / LAVAPLATOS / LAVADERO]]=Z$2,100%,AVANCE[[#This Row],[LAVAMANOS / LAVAPLATOS / LAVADERO]]) -> 1 | BS113: =+IF(AVANCE[[#This Row],[CANALIZACIÓN]]=AC$2,100%,AVANCE[[#This Row],[CANALIZACIÓN]]) -> 1 | BT113: =+IF(AVANCE[[#This Row],[CABLEADO]]=AD$2,100%,AVANCE[[#This Row],[CABLEADO]]) -> 1 | BU113: =+IF(AVANCE[[#This Row],[ARTEFACTOS]]=AE$2,100%,AVANCE[[#This Row],[ARTEFACTOS]]) -> 1 | BV113: =+IF(AVANCE[[#This Row],[TABLERO]]=AF$2,100%,AVANCE[[#This Row],[TABLERO]]) -> 1 | BW113: =+IF(AVANCE[[#This Row],[CAJA PAU]]=AG$2,100%,AVANCE[[#This Row],[CAJA PAU]]) -> 1 | BX113: =+IF(AVANCE[[#This Row],[INSTALACION VINILICO]]=AJ$2,100%,AVANCE[[#This Row],[INSTALACION VINILICO]]) -> 1 | BY113: =+IF(AVANCE[[#This Row],[OSB CUBIERTA]]=AK$2,100%,AVANCE[[#This Row],[OSB CUBIERTA]]) -> 1 | BZ113: =+IF(AVANCE[[#This Row],[BARANDA BALCON]]=AL$2,100%,AVANCE[[#This Row],[BARANDA BALCON]]) -> 1 | CA113: =+IF(AVANCE[[#This Row],[OSB EXTERIOR]]=AM$2,100%,AVANCE[[#This Row],[OSB EXTERIOR]]) -> 1 | CB113: =+IF(AVANCE[[#This Row],[SMART PANEL]]=AN$2,100%,AVANCE[[#This Row],[SMART PANEL]]) -> 1 | CC113: =+IF(AVANCE[[#This Row],[PINTURA EXTERIOR]]=AO$2,100%,AVANCE[[#This Row],[PINTURA EXTERIOR]]) -> 0 | CD113: =+IF(AVANCE[[#This Row],[ZOCALOS LOGIA]]=AP$2,100%,AVANCE[[#This Row],[ZOCALOS LOGIA]]) -> 1 | CE113: =+IF(AVANCE[[#This Row],[MOLDURAS]]=AQ$2,100%,AVANCE[[#This Row],[MOLDURAS]]) -> 0 | CF113: =+IF(AVANCE[[#This Row],[PILASTREO]]=AR$2,100%,AVANCE[[#This Row],[PILASTREO]]) -> 0 | CG113: =+IF(AVANCE[[#This Row],[CELOSIAS]]=AS$2,100%,AVANCE[[#This Row],[CELOSIAS]]) -> 0 | CH113: =+IF(AVANCE[[#This Row],[VENTANAS]]=AT$2,100%,AVANCE[[#This Row],[VENTANAS]]) -> 1 | CI113: =+IF(AVANCE[[#This Row],[PUERTAS ACCESO - LOGIA - BANO]]=AU$2,100%,AVANCE[[#This Row],[PUERTAS ACCESO - LOGIA - BANO]]) -> 1 | CJ113: =+IF(AVANCE[[#This Row],[CERRADURAS]]=AV$2,100%,AVANCE[[#This Row],[CERRADURAS]]) -> 0 | CK113: =+IF(AVANCE[[#This Row],[REVESTIMIENTO INTERIOR ZONA SECA]]=AW$2,100%,AVANCE[[#This Row],[REVESTIMIENTO INTERIOR ZONA SECA]]) -> 1 | CL113: =+IF(AVANCE[[#This Row],[REVESTIMIENTO INTERIOR ZONAS HUMEDAS]]=AX$2,100%,AVANCE[[#This Row],[REVESTIMIENTO INTERIOR ZONAS HUMEDAS]]) -> 1 | CM113: =+IF(AVANCE[[#This Row],[MEMBRANA CIELO]]=AY$2,100%,AVANCE[[#This Row],[MEMBRANA CIELO]]) -> 1 | CN113: =+IF(AVANCE[[#This Row],[LIMPIEZA FINAL]]=AZ$2,100%,AVANCE[[#This Row],[LIMPIEZA FINAL]]) -> 0 | CO113: =+IF(AVANCE[[#This Row],[PUERTAS DORMITORIO]]=BA$2,100%,AVANCE[[#This Row],[PUERTAS DORMITORIO]]) -> 1 | CP113: =+IF(AVANCE[[#This Row],[REVESTIMIENTO INTERIOR BANO]]=BB$2,100%,AVANCE[[#This Row],[REVESTIMIENTO INTERIOR BANO]]) -> 1 | CQ113: =+IF(AVANCE[[#This Row],[MUEBLE LAVAPLATOS]]=BC$2,100%,AVANCE[[#This Row],[MUEBLE LAVAPLATOS]]) -> 1 | CR113: =+IF(AVANCE[[#This Row],[IMPERMEABILIZACION BANO - COCINA LOGIA]]=BD$2,100%,AVANCE[[#This Row],[IMPERMEABILIZACION BANO - COCINA LOGIA]]) -> 1 | CS113: =+IF(AVANCE[[#This Row],[ESTADO MODULO]]="PENDIENTE",(TODAY()-AVANCE[[#This Row],[FECHA TERMINO PLANIFICADO]]),0) -> 22 | CT113: {=_xlfn.TEXTJOIN(" | ",TRUE,IF(SUMPRODUCT((BG113:CR113<1)*(PARTIDAS!$I$2:$AT$2="OBRA GRUESA"))>0,"OBRA GRUESA: "&_xlfn.TEXTJOIN(", ",TRUE,IF((BG113:CR113<1)*(PARTIDAS!$I$2:$AT$2="OBRA GRUESA"),PARTIDAS!$I$1:$AT$1,"")),""),IF(SUMPRODUCT((BG113:CR113<1)*(PARTIDAS!$I$2:$AT$2="SANITARIOS"))>0,"SANITARIOS: "&_xlfn.TEXTJOIN(", ",TRUE,IF((BG113:CR113<1)*(PARTIDAS!$I$2:$AT$2="SANITARIOS"),PARTIDAS!$I$1:$AT$1,"")),""),IF(SUMPRODUCT((BG113:CR113<1)*(PARTIDAS!$I$2:$AT$2="ELÉCTRICO"))>0,"ELÉCTRICO: "&_xlfn.TEXTJOIN(", ",TRUE,IF((BG113:CR113<1)*(PARTIDAS!$I$2:$AT$2="ELÉCTRICO"),PARTIDAS!$I$1:$AT$1,"")),""),IF(SUMPRODUCT((BG113:CR113<1)*(PARTIDAS!$I$2:$AT$2="TERMINACIONES"))>0,"TERMINACIONES: "&_xlfn.TEXTJOIN(", ",TRUE,IF((BG113:CR113<1)*(PARTIDAS!$I$2:$AT$2="TERMINACIONES"),PARTIDAS!$I$1:$AT$1,"")),""))} -> TERMINACIONES: PINTURA EXTERIOR, MOLDURAS, PILASTREO, CELOSIAS, CERRADURAS, LIMPIEZA FINAL | CU113: {=_xlfn.TEXTJOIN(", ",TRUE,IF(SUMPRODUCT((BG113:CR113<1)*(PARTIDAS!$I$2:$AT$2="OBRA GRUESA"))>0,"OBRA GRUESA",""),IF(SUMPRODUCT((BG113:CR113<1)*(PARTIDAS!$I$2:$AT$2="SANITARIOS"))>0,"SANITARIOS",""),IF(SUMPRODUCT((BG113:CR113<1)*(PARTIDAS!$I$2:$AT$2="ELÉCTRICO"))>0,"ELÉCTRICO",""),IF(SUMPRODUCT((BG113:CR113<1)*(PARTIDAS!$I$2:$AT$2="TERMINACIONES"))>0,"TERMINACIONES",""))} -> TERMINACIONES | CV113: {=SUMPRODUCT(--(BG113:CR113<1))} -> 6
A114: TORRE 04 | B114: M-00113 | C114: 2282600113 | D114: SECO | E114: 0.895 | F114: 46185 | G114: 46198 | H114: 46227 | I114: 46209 | J114: 3 | L114: 0.43 | M114: 1 | N114: 0.27906977 | O114: 0.18604651 | P114: 0.25581395 | Q114: 0.18604651 | R114: 0.093023256 | S114: 0.09 | T114: 1 | U114: 0.22222222 | V114: 0.22222222 | W114: 0.11111111 | X114: 0.11111111 | Y114: 0.11111111 | Z114: 0.22222222 | AA114: 0.07 | AB114: 0.63636364 | AC114: 0.27272727 | AD114: 0 | AE114: 0 | AF114: 0.18181818 | AG114: 0.18181818 | AH114: 0.305 | AI114: 0.82432432 | AJ114: 0.054054054 | AK114: 0.054054054 | AL114: 0.027027027 | AM114: 0.081081081 | AN114: 0.081081081 | AO114: 0 | AP114: 0.054054054 | AQ114: 0 | AR114: 0 | AS114: 0 | AT114: 0.081081081 | AU114: 0.054054054 | AV114: 0.027027027 | AW114: 0.054054054 | AX114: 0.054054054 | AY114: 0.027027027 | AZ114: 0 | BA114: 0.054054054 | BB114: 0.081081081 | BC114: 0.013513514 | BD114: 0.027027027 | BE114: 28.87 | BF114: =+IF(AVANCE[[#This Row],[% AVANCE]]=100%,"MODULO TERMINADO",IF(AVANCE[[#This Row],[FECHA INICIO REAL]]="","MODULO NO INICIADO","PENDIENTE")) -> PENDIENTE | BG114: =+IF(AVANCE[[#This Row],[VENTANAS]]=8.10810810810811%,100%,AVANCE[[#This Row],[VENTANAS]]) -> 1 | BH114: =+IF(AVANCE[[#This Row],[PISO]]=N$2,100%,AVANCE[[#This Row],[PISO]]) -> 1 | BI114: =+IF(AVANCE[[#This Row],[TABIQUES]]=O$2,100%,AVANCE[[#This Row],[TABIQUES]]) -> 1 | BJ114: =+IF(AVANCE[[#This Row],[MUROS]]=P$2,100%,AVANCE[[#This Row],[MUROS]]) -> 1 | BK114: =+IF(AVANCE[[#This Row],[CIELO]]=Q$2,100%,AVANCE[[#This Row],[CIELO]]) -> 1 | BL114: =+IF(AVANCE[[#This Row],[BALCÓN]]=R$2,100%,AVANCE[[#This Row],[BALCÓN]]) -> 1 | BM114: =+IF(AVANCE[[#This Row],[RED ALCANTARILLADO]]=U$2,100%,AVANCE[[#This Row],[RED ALCANTARILLADO]]) -> 1 | BN114: =+IF(AVANCE[[#This Row],[RED DE AGUA]]=V$2,100%,AVANCE[[#This Row],[RED DE AGUA]]) -> 1 | BO114: =+IF(AVANCE[[#This Row],[VENTILACIONES]]=W$2,100%,AVANCE[[#This Row],[VENTILACIONES]]) -> 1 | BP114: =+IF(AVANCE[[#This Row],[TINA]]=X$2,100%,AVANCE[[#This Row],[TINA]]) -> 1 | BQ114: =+IF(AVANCE[[#This Row],[WC]]=Y$2,100%,AVANCE[[#This Row],[WC]]) -> 1 | BR114: =+IF(AVANCE[[#This Row],[LAVAMANOS / LAVAPLATOS / LAVADERO]]=Z$2,100%,AVANCE[[#This Row],[LAVAMANOS / LAVAPLATOS / LAVADERO]]) -> 1 | BS114: =+IF(AVANCE[[#This Row],[CANALIZACIÓN]]=AC$2,100%,AVANCE[[#This Row],[CANALIZACIÓN]]) -> 1 | BT114: =+IF(AVANCE[[#This Row],[CABLEADO]]=AD$2,100%,AVANCE[[#This Row],[CABLEADO]]) -> 0 | BU114: =+IF(AVANCE[[#This Row],[ARTEFACTOS]]=AE$2,100%,AVANCE[[#This Row],[ARTEFACTOS]]) -> 0 | BV114: =+IF(AVANCE[[#This Row],[TABLERO]]=AF$2,100%,AVANCE[[#This Row],[TABLERO]]) -> 1 | BW114: =+IF(AVANCE[[#This Row],[CAJA PAU]]=AG$2,100%,AVANCE[[#This Row],[CAJA PAU]]) -> 1 | BX114: =+IF(AVANCE[[#This Row],[INSTALACION VINILICO]]=AJ$2,100%,AVANCE[[#This Row],[INSTALACION VINILICO]]) -> 1 | BY114: =+IF(AVANCE[[#This Row],[OSB CUBIERTA]]=AK$2,100%,AVANCE[[#This Row],[OSB CUBIERTA]]) -> 1 | BZ114: =+IF(AVANCE[[#This Row],[BARANDA BALCON]]=AL$2,100%,AVANCE[[#This Row],[BARANDA BALCON]]) -> 1 | CA114: =+IF(AVANCE[[#This Row],[OSB EXTERIOR]]=AM$2,100%,AVANCE[[#This Row],[OSB EXTERIOR]]) -> 1 | CB114: =+IF(AVANCE[[#This Row],[SMART PANEL]]=AN$2,100%,AVANCE[[#This Row],[SMART PANEL]]) -> 1 | CC114: =+IF(AVANCE[[#This Row],[PINTURA EXTERIOR]]=AO$2,100%,AVANCE[[#This Row],[PINTURA EXTERIOR]]) -> 0 | CD114: =+IF(AVANCE[[#This Row],[ZOCALOS LOGIA]]=AP$2,100%,AVANCE[[#This Row],[ZOCALOS LOGIA]]) -> 1 | CE114: =+IF(AVANCE[[#This Row],[MOLDURAS]]=AQ$2,100%,AVANCE[[#This Row],[MOLDURAS]]) -> 0 | CF114: =+IF(AVANCE[[#This Row],[PILASTREO]]=AR$2,100%,AVANCE[[#This Row],[PILASTREO]]) -> 0 | CG114: =+IF(AVANCE[[#This Row],[CELOSIAS]]=AS$2,100%,AVANCE[[#This Row],[CELOSIAS]]) -> 0 | CH114: =+IF(AVANCE[[#This Row],[VENTANAS]]=AT$2,100%,AVANCE[[#This Row],[VENTANAS]]) -> 1 | CI114: =+IF(AVANCE[[#This Row],[PUERTAS ACCESO - LOGIA - BANO]]=AU$2,100%,AVANCE[[#This Row],[PUERTAS ACCESO - LOGIA - BANO]]) -> 1 | CJ114: =+IF(AVANCE[[#This Row],[CERRADURAS]]=AV$2,100%,AVANCE[[#This Row],[CERRADURAS]]) -> 1 | CK114: =+IF(AVANCE[[#This Row],[REVESTIMIENTO INTERIOR ZONA SECA]]=AW$2,100%,AVANCE[[#This Row],[REVESTIMIENTO INTERIOR ZONA SECA]]) -> 1 | CL114: =+IF(AVANCE[[#This Row],[REVESTIMIENTO INTERIOR ZONAS HUMEDAS]]=AX$2,100%,AVANCE[[#This Row],[REVESTIMIENTO INTERIOR ZONAS HUMEDAS]]) -> 1 | CM114: =+IF(AVANCE[[#This Row],[MEMBRANA CIELO]]=AY$2,100%,AVANCE[[#This Row],[MEMBRANA CIELO]]) -> 1 | CN114: =+IF(AVANCE[[#This Row],[LIMPIEZA FINAL]]=AZ$2,100%,AVANCE[[#This Row],[LIMPIEZA FINAL]]) -> 0 | CO114: =+IF(AVANCE[[#This Row],[PUERTAS DORMITORIO]]=BA$2,100%,AVANCE[[#This Row],[PUERTAS DORMITORIO]]) -> 1 | CP114: =+IF(AVANCE[[#This Row],[REVESTIMIENTO INTERIOR BANO]]=BB$2,100%,AVANCE[[#This Row],[REVESTIMIENTO INTERIOR BANO]]) -> 1 | CQ114: =+IF(AVANCE[[#This Row],[MUEBLE LAVAPLATOS]]=BC$2,100%,AVANCE[[#This Row],[MUEBLE LAVAPLATOS]]) -> 1 | CR114: =+IF(AVANCE[[#This Row],[IMPERMEABILIZACION BANO - COCINA LOGIA]]=BD$2,100%,AVANCE[[#This Row],[IMPERMEABILIZACION BANO - COCINA LOGIA]]) -> 1 | CS114: =+IF(AVANCE[[#This Row],[ESTADO MODULO]]="PENDIENTE",(TODAY()-AVANCE[[#This Row],[FECHA TERMINO PLANIFICADO]]),0) -> 21 | CT114: {=_xlfn.TEXTJOIN(" | ",TRUE,IF(SUMPRODUCT((BG114:CR114<1)*(PARTIDAS!$I$2:$AT$2="OBRA GRUESA"))>0,"OBRA GRUESA: "&_xlfn.TEXTJOIN(", ",TRUE,IF((BG114:CR114<1)*(PARTIDAS!$I$2:$AT$2="OBRA GRUESA"),PARTIDAS!$I$1:$AT$1,"")),""),IF(SUMPRODUCT((BG114:CR114<1)*(PARTIDAS!$I$2:$AT$2="SANITARIOS"))>0,"SANITARIOS: "&_xlfn.TEXTJOIN(", ",TRUE,IF((BG114:CR114<1)*(PARTIDAS!$I$2:$AT$2="SANITARIOS"),PARTIDAS!$I$1:$AT$1,"")),""),IF(SUMPRODUCT((BG114:CR114<1)*(PARTIDAS!$I$2:$AT$2="ELÉCTRICO"))>0,"ELÉCTRICO: "&_xlfn.TEXTJOIN(", ",TRUE,IF((BG114:CR114<1)*(PARTIDAS!$I$2:$AT$2="ELÉCTRICO"),PARTIDAS!$I$1:$AT$1,"")),""),IF(SUMPRODUCT((BG114:CR114<1)*(PARTIDAS!$I$2:$AT$2="TERMINACIONES"))>0,"TERMINACIONES: "&_xlfn.TEXTJOIN(", ",TRUE,IF((BG114:CR114<1)*(PARTIDAS!$I$2:$AT$2="TERMINACIONES"),PARTIDAS!$I$1:$AT$1,"")),""))} -> ELÉCTRICO: CABLEADO, ARTEFACTOS | TERMINACIONES: PINTURA EXTERIOR, MOLDURAS, PILASTREO, CELOSIAS, LIMPIEZA FINAL | CU114: {=_xlfn.TEXTJOIN(", ",TRUE,IF(SUMPRODUCT((BG114:CR114<1)*(PARTIDAS!$I$2:$AT$2="OBRA GRUESA"))>0,"OBRA GRUESA",""),IF(SUMPRODUCT((BG114:CR114<1)*(PARTIDAS!$I$2:$AT$2="SANITARIOS"))>0,"SANITARIOS",""),IF(SUMPRODUCT((BG114:CR114<1)*(PARTIDAS!$I$2:$AT$2="ELÉCTRICO"))>0,"ELÉCTRICO",""),IF(SUMPRODUCT((BG114:CR114<1)*(PARTIDAS!$I$2:$AT$2="TERMINACIONES"))>0,"TERMINACIONES",""))} -> ELÉCTRICO, TERMINACIONES | CV114: {=SUMPRODUCT(--(BG114:CR114<1))} -> 7
A115: TORRE 04 | B115: M-00114 | C115: 2302600114 | D115: HUMEDO | E115: 0.73 | F115: 46185 | G115: 46198 | H115: 46227 | I115: 46219 | J115: 3 | L115: 0.43 | M115: 1 | N115: 0.27906977 | O115: 0.18604651 | P115: 0.25581395 | Q115: 0.18604651 | R115: 0.093023256 | S115: 0.05 | T115: 0.55555556 | U115: 0.22222222 | V115: 0.22222222 | W115: 0 | X115: 0.11111111 | Y115: 0 | Z115: 0 | AA115: 0.06 | AB115: 0.54545455 | AC115: 0.27272727 | AD115: 0.27272727 | AE115: 0 | AF115: 0 | AG115: 0 | AH115: 0.19 | AI115: 0.51351351 | AJ115: 0.054054054 | AK115: 0.054054054 | AL115: 0 | AM115: 0.081081081 | AN115: 0.081081081 | AO115: 0 | AP115: 0 | AQ115: 0 | AR115: 0 | AS115: 0 | AT115: 0 | AU115: 0.054054054 | AV115: 0.027027027 | AW115: 0 | AX115: 0.054054054 | AY115: 0.027027027 | AZ115: 0 | BA115: 0.054054054 | BB115: 0 | BC115: 0 | BD115: 0.027027027 | BE115: 31.32 | BF115: =+IF(AVANCE[[#This Row],[% AVANCE]]=100%,"MODULO TERMINADO",IF(AVANCE[[#This Row],[FECHA INICIO REAL]]="","MODULO NO INICIADO","PENDIENTE")) -> PENDIENTE | BG115: =+IF(AVANCE[[#This Row],[VENTANAS]]=8.10810810810811%,100%,AVANCE[[#This Row],[VENTANAS]]) -> 0 | BH115: =+IF(AVANCE[[#This Row],[PISO]]=N$2,100%,AVANCE[[#This Row],[PISO]]) -> 1 | BI115: =+IF(AVANCE[[#This Row],[TABIQUES]]=O$2,100%,AVANCE[[#This Row],[TABIQUES]]) -> 1 | BJ115: =+IF(AVANCE[[#This Row],[MUROS]]=P$2,100%,AVANCE[[#This Row],[MUROS]]) -> 1 | BK115: =+IF(AVANCE[[#This Row],[CIELO]]=Q$2,100%,AVANCE[[#This Row],[CIELO]]) -> 1 | BL115: =+IF(AVANCE[[#This Row],[BALCÓN]]=R$2,100%,AVANCE[[#This Row],[BALCÓN]]) -> 1 | BM115: =+IF(AVANCE[[#This Row],[RED ALCANTARILLADO]]=U$2,100%,AVANCE[[#This Row],[RED ALCANTARILLADO]]) -> 1 | BN115: =+IF(AVANCE[[#This Row],[RED DE AGUA]]=V$2,100%,AVANCE[[#This Row],[RED DE AGUA]]) -> 1 | BO115: =+IF(AVANCE[[#This Row],[VENTILACIONES]]=W$2,100%,AVANCE[[#This Row],[VENTILACIONES]]) -> 0 | BP115: =+IF(AVANCE[[#This Row],[TINA]]=X$2,100%,AVANCE[[#This Row],[TINA]]) -> 1 | BQ115: =+IF(AVANCE[[#This Row],[WC]]=Y$2,100%,AVANCE[[#This Row],[WC]]) -> 0 | BR115: =+IF(AVANCE[[#This Row],[LAVAMANOS / LAVAPLATOS / LAVADERO]]=Z$2,100%,AVANCE[[#This Row],[LAVAMANOS / LAVAPLATOS / LAVADERO]]) -> 0 | BS115: =+IF(AVANCE[[#This Row],[CANALIZACIÓN]]=AC$2,100%,AVANCE[[#This Row],[CANALIZACIÓN]]) -> 1 | BT115: =+IF(AVANCE[[#This Row],[CABLEADO]]=AD$2,100%,AVANCE[[#This Row],[CABLEADO]]) -> 1 | BU115: =+IF(AVANCE[[#This Row],[ARTEFACTOS]]=AE$2,100%,AVANCE[[#This Row],[ARTEFACTOS]]) -> 0 | BV115: =+IF(AVANCE[[#This Row],[TABLERO]]=AF$2,100%,AVANCE[[#This Row],[TABLERO]]) -> 0 | BW115: =+IF(AVANCE[[#This Row],[CAJA PAU]]=AG$2,100%,AVANCE[[#This Row],[CAJA PAU]]) -> 0 | BX115: =+IF(AVANCE[[#This Row],[INSTALACION VINILICO]]=AJ$2,100%,AVANCE[[#This Row],[INSTALACION VINILICO]]) -> 1 | BY115: =+IF(AVANCE[[#This Row],[OSB CUBIERTA]]=AK$2,100%,AVANCE[[#This Row],[OSB CUBIERTA]]) -> 1 | BZ115: =+IF(AVANCE[[#This Row],[BARANDA BALCON]]=AL$2,100%,AVANCE[[#This Row],[BARANDA BALCON]]) -> 0 | CA115: =+IF(AVANCE[[#This Row],[OSB EXTERIOR]]=AM$2,100%,AVANCE[[#This Row],[OSB EXTERIOR]]) -> 1 | CB115: =+IF(AVANCE[[#This Row],[SMART PANEL]]=AN$2,100%,AVANCE[[#This Row],[SMART PANEL]]) -> 1 | CC115: =+IF(AVANCE[[#This Row],[PINTURA EXTERIOR]]=AO$2,100%,AVANCE[[#This Row],[PINTURA EXTERIOR]]) -> 0 | CD115: =+IF(AVANCE[[#This Row],[ZOCALOS LOGIA]]=AP$2,100%,AVANCE[[#This Row],[ZOCALOS LOGIA]]) -> 0 | CE115: =+IF(AVANCE[[#This Row],[MOLDURAS]]=AQ$2,100%,AVANCE[[#This Row],[MOLDURAS]]) -> 0 | CF115: =+IF(AVANCE[[#This Row],[PILASTREO]]=AR$2,100%,AVANCE[[#This Row],[PILASTREO]]) -> 0 | CG115: =+IF(AVANCE[[#This Row],[CELOSIAS]]=AS$2,100%,AVANCE[[#This Row],[CELOSIAS]]) -> 0 | CH115: =+IF(AVANCE[[#This Row],[VENTANAS]]=AT$2,100%,AVANCE[[#This Row],[VENTANAS]]) -> 0 | CI115: =+IF(AVANCE[[#This Row],[PUERTAS ACCESO - LOGIA - BANO]]=AU$2,100%,AVANCE[[#This Row],[PUERTAS ACCESO - LOGIA - BANO]]) -> 1 | CJ115: =+IF(AVANCE[[#This Row],[CERRADURAS]]=AV$2,100%,AVANCE[[#This Row],[CERRADURAS]]) -> 1 | CK115: =+IF(AVANCE[[#This Row],[REVESTIMIENTO INTERIOR ZONA SECA]]=AW$2,100%,AVANCE[[#This Row],[REVESTIMIENTO INTERIOR ZONA SECA]]) -> 0 | CL115: =+IF(AVANCE[[#This Row],[REVESTIMIENTO INTERIOR ZONAS HUMEDAS]]=AX$2,100%,AVANCE[[#This Row],[REVESTIMIENTO INTERIOR ZONAS HUMEDAS]]) -> 1 | CM115: =+IF(AVANCE[[#This Row],[MEMBRANA CIELO]]=AY$2,100%,AVANCE[[#This Row],[MEMBRANA CIELO]]) -> 1 | CN115: =+IF(AVANCE[[#This Row],[LIMPIEZA FINAL]]=AZ$2,100%,AVANCE[[#This Row],[LIMPIEZA FINAL]]) -> 0 | CO115: =+IF(AVANCE[[#This Row],[PUERTAS DORMITORIO]]=BA$2,100%,AVANCE[[#This Row],[PUERTAS DORMITORIO]]) -> 1 | CP115: =+IF(AVANCE[[#This Row],[REVESTIMIENTO INTERIOR BANO]]=BB$2,100%,AVANCE[[#This Row],[REVESTIMIENTO INTERIOR BANO]]) -> 0 | CQ115: =+IF(AVANCE[[#This Row],[MUEBLE LAVAPLATOS]]=BC$2,100%,AVANCE[[#This Row],[MUEBLE LAVAPLATOS]]) -> 0 | CR115: =+IF(AVANCE[[#This Row],[IMPERMEABILIZACION BANO - COCINA LOGIA]]=BD$2,100%,AVANCE[[#This Row],[IMPERMEABILIZACION BANO - COCINA LOGIA]]) -> 1 | CS115: =+IF(AVANCE[[#This Row],[ESTADO MODULO]]="PENDIENTE",(TODAY()-AVANCE[[#This Row],[FECHA TERMINO PLANIFICADO]]),0) -> 11 | CT115: {=_xlfn.TEXTJOIN(" | ",TRUE,IF(SUMPRODUCT((BG115:CR115<1)*(PARTIDAS!$I$2:$AT$2="OBRA GRUESA"))>0,"OBRA GRUESA: "&_xlfn.TEXTJOIN(", ",TRUE,IF((BG115:CR115<1)*(PARTIDAS!$I$2:$AT$2="OBRA GRUESA"),PARTIDAS!$I$1:$AT$1,"")),""),IF(SUMPRODUCT((BG115:CR115<1)*(PARTIDAS!$I$2:$AT$2="SANITARIOS"))>0,"SANITARIOS: "&_xlfn.TEXTJOIN(", ",TRUE,IF((BG115:CR115<1)*(PARTIDAS!$I$2:$AT$2="SANITARIOS"),PARTIDAS!$I$1:$AT$1,"")),""),IF(SUMPRODUCT((BG115:CR115<1)*(PARTIDAS!$I$2:$AT$2="ELÉCTRICO"))>0,"ELÉCTRICO: "&_xlfn.TEXTJOIN(", ",TRUE,IF((BG115:CR115<1)*(PARTIDAS!$I$2:$AT$2="ELÉCTRICO"),PARTIDAS!$I$1:$AT$1,"")),""),IF(SUMPRODUCT((BG115:CR115<1)*(PARTIDAS!$I$2:$AT$2="TERMINACIONES"))>0,"TERMINACIONES: "&_xlfn.TEXTJOIN(", ",TRUE,IF((BG115:CR115<1)*(PARTIDAS!$I$2:$AT$2="TERMINACIONES"),PARTIDAS!$I$1:$AT$1,"")),""))} -> SANITARIOS: VENTILACIONES, WC, LAVAMANOS / LAVAPLATOS / LAVADERO | ELÉCTRICO: ARTEFACTOS, TABLERO, CAJA PAU | TERMINACIONES: VENTANAS, BARANDA BALCON, PINTURA EXTERIOR, ZOCALOS LOGIA, MOLDURAS, PILASTREO, CELOSIAS, VENTANAS (TERM), REVESTIMIENTO INTERIOR ZONA SECA, LIMPIEZA FINAL, REVESTIMIENTO INTERIOR BANO, MUEBLE LAVAPLATOS | CU115: {=_xlfn.TEXTJOIN(", ",TRUE,IF(SUMPRODUCT((BG115:CR115<1)*(PARTIDAS!$I$2:$AT$2="OBRA GRUESA"))>0,"OBRA GRUESA",""),IF(SUMPRODUCT((BG115:CR115<1)*(PARTIDAS!$I$2:$AT$2="SANITARIOS"))>0,"SANITARIOS",""),IF(SUMPRODUCT((BG115:CR115<1)*(PARTIDAS!$I$2:$AT$2="ELÉCTRICO"))>0,"ELÉCTRICO",""),IF(SUMPRODUCT((BG115:CR115<1)*(PARTIDAS!$I$2:$AT$2="TERMINACIONES"))>0,"TERMINACIONES",""))} -> SANITARIOS, ELÉCTRICO, TERMINACIONES | CV115: {=SUMPRODUCT(--(BG115:CR115<1))} -> 18
A116: TORRE 04 | B116: M-00115 | C116: 2302600115 | D116: HUMEDO | E116: 0.775 | F116: 46188 | G116: 46199 | H116: 46227 | I116: 46222 | J116: 3 | L116: 0.43 | M116: 1 | N116: 0.27906977 | O116: 0.18604651 | P116: 0.25581395 | Q116: 0.18604651 | R116: 0.093023256 | S116: 0.05 | T116: 0.55555556 | U116: 0.22222222 | V116: 0.22222222 | W116: 0 | X116: 0.11111111 | Y116: 0 | Z116: 0 | AA116: 0.06 | AB116: 0.54545455 | AC116: 0.27272727 | AD116: 0.27272727 | AE116: 0 | AF116: 0 | AG116: 0 | AH116: 0.235 | AI116: 0.63513514 | AJ116: 0.054054054 | AK116: 0.054054054 | AL116: 0 | AM116: 0.081081081 | AN116: 0.081081081 | AO116: 0 | AP116: 0.054054054 | AQ116: 0 | AR116: 0 | AS116: 0.013513514 | AT116: 0.081081081 | AU116: 0.054054054 | AV116: 0 | AW116: 0 | AX116: 0.054054054 | AY116: 0.027027027 | AZ116: 0 | BA116: 0.054054054 | BB116: 0 | BC116: 0 | BD116: 0.027027027 | BE116: 31.32 | BF116: =+IF(AVANCE[[#This Row],[% AVANCE]]=100%,"MODULO TERMINADO",IF(AVANCE[[#This Row],[FECHA INICIO REAL]]="","MODULO NO INICIADO","PENDIENTE")) -> PENDIENTE | BG116: =+IF(AVANCE[[#This Row],[VENTANAS]]=8.10810810810811%,100%,AVANCE[[#This Row],[VENTANAS]]) -> 1 | BH116: =+IF(AVANCE[[#This Row],[PISO]]=N$2,100%,AVANCE[[#This Row],[PISO]]) -> 1 | BI116: =+IF(AVANCE[[#This Row],[TABIQUES]]=O$2,100%,AVANCE[[#This Row],[TABIQUES]]) -> 1 | BJ116: =+IF(AVANCE[[#This Row],[MUROS]]=P$2,100%,AVANCE[[#This Row],[MUROS]]) -> 1 | BK116: =+IF(AVANCE[[#This Row],[CIELO]]=Q$2,100%,AVANCE[[#This Row],[CIELO]]) -> 1 | BL116: =+IF(AVANCE[[#This Row],[BALCÓN]]=R$2,100%,AVANCE[[#This Row],[BALCÓN]]) -> 1 | BM116: =+IF(AVANCE[[#This Row],[RED ALCANTARILLADO]]=U$2,100%,AVANCE[[#This Row],[RED ALCANTARILLADO]]) -> 1 | BN116: =+IF(AVANCE[[#This Row],[RED DE AGUA]]=V$2,100%,AVANCE[[#This Row],[RED DE AGUA]]) -> 1 | BO116: =+IF(AVANCE[[#This Row],[VENTILACIONES]]=W$2,100%,AVANCE[[#This Row],[VENTILACIONES]]) -> 0 | BP116: =+IF(AVANCE[[#This Row],[TINA]]=X$2,100%,AVANCE[[#This Row],[TINA]]) -> 1 | BQ116: =+IF(AVANCE[[#This Row],[WC]]=Y$2,100%,AVANCE[[#This Row],[WC]]) -> 0 | BR116: =+IF(AVANCE[[#This Row],[LAVAMANOS / LAVAPLATOS / LAVADERO]]=Z$2,100%,AVANCE[[#This Row],[LAVAMANOS / LAVAPLATOS / LAVADERO]]) -> 0 | BS116: =+IF(AVANCE[[#This Row],[CANALIZACIÓN]]=AC$2,100%,AVANCE[[#This Row],[CANALIZACIÓN]]) -> 1 | BT116: =+IF(AVANCE[[#This Row],[CABLEADO]]=AD$2,100%,AVANCE[[#This Row],[CABLEADO]]) -> 1 | BU116: =+IF(AVANCE[[#This Row],[ARTEFACTOS]]=AE$2,100%,AVANCE[[#This Row],[ARTEFACTOS]]) -> 0 | BV116: =+IF(AVANCE[[#This Row],[TABLERO]]=AF$2,100%,AVANCE[[#This Row],[TABLERO]]) -> 0 | BW116: =+IF(AVANCE[[#This Row],[CAJA PAU]]=AG$2,100%,AVANCE[[#This Row],[CAJA PAU]]) -> 0 | BX116: =+IF(AVANCE[[#This Row],[INSTALACION VINILICO]]=AJ$2,100%,AVANCE[[#This Row],[INSTALACION VINILICO]]) -> 1 | BY116: =+IF(AVANCE[[#This Row],[OSB CUBIERTA]]=AK$2,100%,AVANCE[[#This Row],[OSB CUBIERTA]]) -> 1 | BZ116: =+IF(AVANCE[[#This Row],[BARANDA BALCON]]=AL$2,100%,AVANCE[[#This Row],[BARANDA BALCON]]) -> 0 | CA116: =+IF(AVANCE[[#This Row],[OSB EXTERIOR]]=AM$2,100%,AVANCE[[#This Row],[OSB EXTERIOR]]) -> 1 | CB116: =+IF(AVANCE[[#This Row],[SMART PANEL]]=AN$2,100%,AVANCE[[#This Row],[SMART PANEL]]) -> 1 | CC116: =+IF(AVANCE[[#This Row],[PINTURA EXTERIOR]]=AO$2,100%,AVANCE[[#This Row],[PINTURA EXTERIOR]]) -> 0 | CD116: =+IF(AVANCE[[#This Row],[ZOCALOS LOGIA]]=AP$2,100%,AVANCE[[#This Row],[ZOCALOS LOGIA]]) -> 1 | CE116: =+IF(AVANCE[[#This Row],[MOLDURAS]]=AQ$2,100%,AVANCE[[#This Row],[MOLDURAS]]) -> 0 | CF116: =+IF(AVANCE[[#This Row],[PILASTREO]]=AR$2,100%,AVANCE[[#This Row],[PILASTREO]]) -> 0 | CG116: =+IF(AVANCE[[#This Row],[CELOSIAS]]=AS$2,100%,AVANCE[[#This Row],[CELOSIAS]]) -> 1 | CH116: =+IF(AVANCE[[#This Row],[VENTANAS]]=AT$2,100%,AVANCE[[#This Row],[VENTANAS]]) -> 1 | CI116: =+IF(AVANCE[[#This Row],[PUERTAS ACCESO - LOGIA - BANO]]=AU$2,100%,AVANCE[[#This Row],[PUERTAS ACCESO - LOGIA - BANO]]) -> 1 | CJ116: =+IF(AVANCE[[#This Row],[CERRADURAS]]=AV$2,100%,AVANCE[[#This Row],[CERRADURAS]]) -> 0 | CK116: =+IF(AVANCE[[#This Row],[REVESTIMIENTO INTERIOR ZONA SECA]]=AW$2,100%,AVANCE[[#This Row],[REVESTIMIENTO INTERIOR ZONA SECA]]) -> 0 | CL116: =+IF(AVANCE[[#This Row],[REVESTIMIENTO INTERIOR ZONAS HUMEDAS]]=AX$2,100%,AVANCE[[#This Row],[REVESTIMIENTO INTERIOR ZONAS HUMEDAS]]) -> 1 | CM116: =+IF(AVANCE[[#This Row],[MEMBRANA CIELO]]=AY$2,100%,AVANCE[[#This Row],[MEMBRANA CIELO]]) -> 1 | CN116: =+IF(AVANCE[[#This Row],[LIMPIEZA FINAL]]=AZ$2,100%,AVANCE[[#This Row],[LIMPIEZA FINAL]]) -> 0 | CO116: =+IF(AVANCE[[#This Row],[PUERTAS DORMITORIO]]=BA$2,100%,AVANCE[[#This Row],[PUERTAS DORMITORIO]]) -> 1 | CP116: =+IF(AVANCE[[#This Row],[REVESTIMIENTO INTERIOR BANO]]=BB$2,100%,AVANCE[[#This Row],[REVESTIMIENTO INTERIOR BANO]]) -> 0 | CQ116: =+IF(AVANCE[[#This Row],[MUEBLE LAVAPLATOS]]=BC$2,100%,AVANCE[[#This Row],[MUEBLE LAVAPLATOS]]) -> 0 | CR116: =+IF(AVANCE[[#This Row],[IMPERMEABILIZACION BANO - COCINA LOGIA]]=BD$2,100%,AVANCE[[#This Row],[IMPERMEABILIZACION BANO - COCINA LOGIA]]) -> 1 | CS116: =+IF(AVANCE[[#This Row],[ESTADO MODULO]]="PENDIENTE",(TODAY()-AVANCE[[#This Row],[FECHA TERMINO PLANIFICADO]]),0) -> 8 | CT116: {=_xlfn.TEXTJOIN(" | ",TRUE,IF(SUMPRODUCT((BG116:CR116<1)*(PARTIDAS!$I$2:$AT$2="OBRA GRUESA"))>0,"OBRA GRUESA: "&_xlfn.TEXTJOIN(", ",TRUE,IF((BG116:CR116<1)*(PARTIDAS!$I$2:$AT$2="OBRA GRUESA"),PARTIDAS!$I$1:$AT$1,"")),""),IF(SUMPRODUCT((BG116:CR116<1)*(PARTIDAS!$I$2:$AT$2="SANITARIOS"))>0,"SANITARIOS: "&_xlfn.TEXTJOIN(", ",TRUE,IF((BG116:CR116<1)*(PARTIDAS!$I$2:$AT$2="SANITARIOS"),PARTIDAS!$I$1:$AT$1,"")),""),IF(SUMPRODUCT((BG116:CR116<1)*(PARTIDAS!$I$2:$AT$2="ELÉCTRICO"))>0,"ELÉCTRICO: "&_xlfn.TEXTJOIN(", ",TRUE,IF((BG116:CR116<1)*(PARTIDAS!$I$2:$AT$2="ELÉCTRICO"),PARTIDAS!$I$1:$AT$1,"")),""),IF(SUMPRODUCT((BG116:CR116<1)*(PARTIDAS!$I$2:$AT$2="TERMINACIONES"))>0,"TERMINACIONES: "&_xlfn.TEXTJOIN(", ",TRUE,IF((BG116:CR116<1)*(PARTIDAS!$I$2:$AT$2="TERMINACIONES"),PARTIDAS!$I$1:$AT$1,"")),""))} -> SANITARIOS: VENTILACIONES, WC, LAVAMANOS / LAVAPLATOS / LAVADERO | ELÉCTRICO: ARTEFACTOS, TABLERO, CAJA PAU | TERMINACIONES: BARANDA BALCON, PINTURA EXTERIOR, MOLDURAS, PILASTREO, CERRADURAS, REVESTIMIENTO INTERIOR ZONA SECA, LIMPIEZA FINAL, REVESTIMIENTO INTERIOR BANO, MUEBLE LAVAPLATOS | CU116: {=_xlfn.TEXTJOIN(", ",TRUE,IF(SUMPRODUCT((BG116:CR116<1)*(PARTIDAS!$I$2:$AT$2="OBRA GRUESA"))>0,"OBRA GRUESA",""),IF(SUMPRODUCT((BG116:CR116<1)*(PARTIDAS!$I$2:$AT$2="SANITARIOS"))>0,"SANITARIOS",""),IF(SUMPRODUCT((BG116:CR116<1)*(PARTIDAS!$I$2:$AT$2="ELÉCTRICO"))>0,"ELÉCTRICO",""),IF(SUMPRODUCT((BG116:CR116<1)*(PARTIDAS!$I$2:$AT$2="TERMINACIONES"))>0,"TERMINACIONES",""))} -> SANITARIOS, ELÉCTRICO, TERMINACIONES | CV116: {=SUMPRODUCT(--(BG116:CR116<1))} -> 15
A117: TORRE 04 | B117: M-00116 | C117: 2282600116 | D117: SECO | E117: 0.87 | F117: 46188 | G117: 46199 | H117: 46225 | I117: 46212 | J117: 5 | L117: 0.43 | M117: 1 | N117: 0.27906977 | O117: 0.18604651 | P117: 0.25581395 | Q117: 0.18604651 | R117: 0.093023256 | S117: 0.09 | T117: 1 | U117: 0.22222222 | V117: 0.22222222 | W117: 0.11111111 | X117: 0.11111111 | Y117: 0.11111111 | Z117: 0.22222222 | AA117: 0.07 | AB117: 0.63636364 | AC117: 0.27272727 | AD117: 0 | AE117: 0 | AF117: 0.18181818 | AG117: 0.18181818 | AH117: 0.28 | AI117: 0.75675676 | AJ117: 0.054054054 | AK117: 0.054054054 | AL117: 0.027027027 | AM117: 0.081081081 | AN117: 0.081081081 | AO117: 0 | AP117: 0.054054054 | AQ117: 0.013513514 | AR117: 0 | AS117: 0 | AT117: 0.081081081 | AU117: 0.054054054 | AV117: 0 | AW117: 0.054054054 | AX117: 0.054054054 | AY117: 0.027027027 | AZ117: 0 | BA117: 0 | BB117: 0.081081081 | BC117: 0.013513514 | BD117: 0.027027027 | BE117: 28.87 | BF117: =+IF(AVANCE[[#This Row],[% AVANCE]]=100%,"MODULO TERMINADO",IF(AVANCE[[#This Row],[FECHA INICIO REAL]]="","MODULO NO INICIADO","PENDIENTE")) -> PENDIENTE | BG117: =+IF(AVANCE[[#This Row],[VENTANAS]]=8.10810810810811%,100%,AVANCE[[#This Row],[VENTANAS]]) -> 1 | BH117: =+IF(AVANCE[[#This Row],[PISO]]=N$2,100%,AVANCE[[#This Row],[PISO]]) -> 1 | BI117: =+IF(AVANCE[[#This Row],[TABIQUES]]=O$2,100%,AVANCE[[#This Row],[TABIQUES]]) -> 1 | BJ117: =+IF(AVANCE[[#This Row],[MUROS]]=P$2,100%,AVANCE[[#This Row],[MUROS]]) -> 1 | BK117: =+IF(AVANCE[[#This Row],[CIELO]]=Q$2,100%,AVANCE[[#This Row],[CIELO]]) -> 1 | BL117: =+IF(AVANCE[[#This Row],[BALCÓN]]=R$2,100%,AVANCE[[#This Row],[BALCÓN]]) -> 1 | BM117: =+IF(AVANCE[[#This Row],[RED ALCANTARILLADO]]=U$2,100%,AVANCE[[#This Row],[RED ALCANTARILLADO]]) -> 1 | BN117: =+IF(AVANCE[[#This Row],[RED DE AGUA]]=V$2,100%,AVANCE[[#This Row],[RED DE AGUA]]) -> 1 | BO117: =+IF(AVANCE[[#This Row],[VENTILACIONES]]=W$2,100%,AVANCE[[#This Row],[VENTILACIONES]]) -> 1 | BP117: =+IF(AVANCE[[#This Row],[TINA]]=X$2,100%,AVANCE[[#This Row],[TINA]]) -> 1 | BQ117: =+IF(AVANCE[[#This Row],[WC]]=Y$2,100%,AVANCE[[#This Row],[WC]]) -> 1 | BR117: =+IF(AVANCE[[#This Row],[LAVAMANOS / LAVAPLATOS / LAVADERO]]=Z$2,100%,AVANCE[[#This Row],[LAVAMANOS / LAVAPLATOS / LAVADERO]]) -> 1 | BS117: =+IF(AVANCE[[#This Row],[CANALIZACIÓN]]=AC$2,100%,AVANCE[[#This Row],[CANALIZACIÓN]]) -> 1 | BT117: =+IF(AVANCE[[#This Row],[CABLEADO]]=AD$2,100%,AVANCE[[#This Row],[CABLEADO]]) -> 0 | BU117: =+IF(AVANCE[[#This Row],[ARTEFACTOS]]=AE$2,100%,AVANCE[[#This Row],[ARTEFACTOS]]) -> 0 | BV117: =+IF(AVANCE[[#This Row],[TABLERO]]=AF$2,100%,AVANCE[[#This Row],[TABLERO]]) -> 1 | BW117: =+IF(AVANCE[[#This Row],[CAJA PAU]]=AG$2,100%,AVANCE[[#This Row],[CAJA PAU]]) -> 1 | BX117: =+IF(AVANCE[[#This Row],[INSTALACION VINILICO]]=AJ$2,100%,AVANCE[[#This Row],[INSTALACION VINILICO]]) -> 1 | BY117: =+IF(AVANCE[[#This Row],[OSB CUBIERTA]]=AK$2,100%,AVANCE[[#This Row],[OSB CUBIERTA]]) -> 1 | BZ117: =+IF(AVANCE[[#This Row],[BARANDA BALCON]]=AL$2,100%,AVANCE[[#This Row],[BARANDA BALCON]]) -> 1 | CA117: =+IF(AVANCE[[#This Row],[OSB EXTERIOR]]=AM$2,100%,AVANCE[[#This Row],[OSB EXTERIOR]]) -> 1 | CB117: =+IF(AVANCE[[#This Row],[SMART PANEL]]=AN$2,100%,AVANCE[[#This Row],[SMART PANEL]]) -> 1 | CC117: =+IF(AVANCE[[#This Row],[PINTURA EXTERIOR]]=AO$2,100%,AVANCE[[#This Row],[PINTURA EXTERIOR]]) -> 0 | CD117: =+IF(AVANCE[[#This Row],[ZOCALOS LOGIA]]=AP$2,100%,AVANCE[[#This Row],[ZOCALOS LOGIA]]) -> 1 | CE117: =+IF(AVANCE[[#This Row],[MOLDURAS]]=AQ$2,100%,AVANCE[[#This Row],[MOLDURAS]]) -> 1 | CF117: =+IF(AVANCE[[#This Row],[PILASTREO]]=AR$2,100%,AVANCE[[#This Row],[PILASTREO]]) -> 0 | CG117: =+IF(AVANCE[[#This Row],[CELOSIAS]]=AS$2,100%,AVANCE[[#This Row],[CELOSIAS]]) -> 0 | CH117: =+IF(AVANCE[[#This Row],[VENTANAS]]=AT$2,100%,AVANCE[[#This Row],[VENTANAS]]) -> 1 | CI117: =+IF(AVANCE[[#This Row],[PUERTAS ACCESO - LOGIA - BANO]]=AU$2,100%,AVANCE[[#This Row],[PUERTAS ACCESO - LOGIA - BANO]]) -> 1 | CJ117: =+IF(AVANCE[[#This Row],[CERRADURAS]]=AV$2,100%,AVANCE[[#This Row],[CERRADURAS]]) -> 0 | CK117: =+IF(AVANCE[[#This Row],[REVESTIMIENTO INTERIOR ZONA SECA]]=AW$2,100%,AVANCE[[#This Row],[REVESTIMIENTO INTERIOR ZONA SECA]]) -> 1 | CL117: =+IF(AVANCE[[#This Row],[REVESTIMIENTO INTERIOR ZONAS HUMEDAS]]=AX$2,100%,AVANCE[[#This Row],[REVESTIMIENTO INTERIOR ZONAS HUMEDAS]]) -> 1 | CM117: =+IF(AVANCE[[#This Row],[MEMBRANA CIELO]]=AY$2,100%,AVANCE[[#This Row],[MEMBRANA CIELO]]) -> 1 | CN117: =+IF(AVANCE[[#This Row],[LIMPIEZA FINAL]]=AZ$2,100%,AVANCE[[#This Row],[LIMPIEZA FINAL]]) -> 0 | CO117: =+IF(AVANCE[[#This Row],[PUERTAS DORMITORIO]]=BA$2,100%,AVANCE[[#This Row],[PUERTAS DORMITORIO]]) -> 0 | CP117: =+IF(AVANCE[[#This Row],[REVESTIMIENTO INTERIOR BANO]]=BB$2,100%,AVANCE[[#This Row],[REVESTIMIENTO INTERIOR BANO]]) -> 1 | CQ117: =+IF(AVANCE[[#This Row],[MUEBLE LAVAPLATOS]]=BC$2,100%,AVANCE[[#This Row],[MUEBLE LAVAPLATOS]]) -> 1 | CR117: =+IF(AVANCE[[#This Row],[IMPERMEABILIZACION BANO - COCINA LOGIA]]=BD$2,100%,AVANCE[[#This Row],[IMPERMEABILIZACION BANO - COCINA LOGIA]]) -> 1 | CS117: =+IF(AVANCE[[#This Row],[ESTADO MODULO]]="PENDIENTE",(TODAY()-AVANCE[[#This Row],[FECHA TERMINO PLANIFICADO]]),0) -> 18 | CT117: {=_xlfn.TEXTJOIN(" | ",TRUE,IF(SUMPRODUCT((BG117:CR117<1)*(PARTIDAS!$I$2:$AT$2="OBRA GRUESA"))>0,"OBRA GRUESA: "&_xlfn.TEXTJOIN(", ",TRUE,IF((BG117:CR117<1)*(PARTIDAS!$I$2:$AT$2="OBRA GRUESA"),PARTIDAS!$I$1:$AT$1,"")),""),IF(SUMPRODUCT((BG117:CR117<1)*(PARTIDAS!$I$2:$AT$2="SANITARIOS"))>0,"SANITARIOS: "&_xlfn.TEXTJOIN(", ",TRUE,IF((BG117:CR117<1)*(PARTIDAS!$I$2:$AT$2="SANITARIOS"),PARTIDAS!$I$1:$AT$1,"")),""),IF(SUMPRODUCT((BG117:CR117<1)*(PARTIDAS!$I$2:$AT$2="ELÉCTRICO"))>0,"ELÉCTRICO: "&_xlfn.TEXTJOIN(", ",TRUE,IF((BG117:CR117<1)*(PARTIDAS!$I$2:$AT$2="ELÉCTRICO"),PARTIDAS!$I$1:$AT$1,"")),""),IF(SUMPRODUCT((BG117:CR117<1)*(PARTIDAS!$I$2:$AT$2="TERMINACIONES"))>0,"TERMINACIONES: "&_xlfn.TEXTJOIN(", ",TRUE,IF((BG117:CR117<1)*(PARTIDAS!$I$2:$AT$2="TERMINACIONES"),PARTIDAS!$I$1:$AT$1,"")),""))} -> ELÉCTRICO: CABLEADO, ARTEFACTOS | TERMINACIONES: PINTURA EXTERIOR, PILASTREO, CELOSIAS, CERRADURAS, LIMPIEZA FINAL, PUERTAS DORMITORIO | CU117: {=_xlfn.TEXTJOIN(", ",TRUE,IF(SUMPRODUCT((BG117:CR117<1)*(PARTIDAS!$I$2:$AT$2="OBRA GRUESA"))>0,"OBRA GRUESA",""),IF(SUMPRODUCT((BG117:CR117<1)*(PARTIDAS!$I$2:$AT$2="SANITARIOS"))>0,"SANITARIOS",""),IF(SUMPRODUCT((BG117:CR117<1)*(PARTIDAS!$I$2:$AT$2="ELÉCTRICO"))>0,"ELÉCTRICO",""),IF(SUMPRODUCT((BG117:CR117<1)*(PARTIDAS!$I$2:$AT$2="TERMINACIONES"))>0,"TERMINACIONES",""))} -> ELÉCTRICO, TERMINACIONES | CV117: {=SUMPRODUCT(--(BG117:CR117<1))} -> 8
A118: TORRE 04 | B118: M-00117 | C118: 2282600117 | D118: SECO | E118: 0.945 | F118: 46189 | G118: 46199 | H118: 46227 | I118: 46213 | J118: 3 | L118: 0.43 | M118: 1 | N118: 0.27906977 | O118: 0.18604651 | P118: 0.25581395 | Q118: 0.18604651 | R118: 0.093023256 | S118: 0.09 | T118: 1 | U118: 0.22222222 | V118: 0.22222222 | W118: 0.11111111 | X118: 0.11111111 | Y118: 0.11111111 | Z118: 0.22222222 | AA118: 0.07 | AB118: 0.63636364 | AC118: 0.27272727 | AD118: 0 | AE118: 0 | AF118: 0.18181818 | AG118: 0.18181818 | AH118: 0.355 | AI118: 0.95945946 | AJ118: 0.054054054 | AK118: 0.054054054 | AL118: 0.027027027 | AM118: 0.081081081 | AN118: 0.081081081 | AO118: 0.067567568 | AP118: 0.054054054 | AQ118: 0.013513514 | AR118: 0.040540541 | AS118: 0.013513514 | AT118: 0.081081081 | AU118: 0.054054054 | AV118: 0.027027027 | AW118: 0.054054054 | AX118: 0.054054054 | AY118: 0.027027027 | AZ118: 0 | BA118: 0.054054054 | BB118: 0.081081081 | BC118: 0.013513514 | BD118: 0.027027027 | BE118: 28.87 | BF118: =+IF(AVANCE[[#This Row],[% AVANCE]]=100%,"MODULO TERMINADO",IF(AVANCE[[#This Row],[FECHA INICIO REAL]]="","MODULO NO INICIADO","PENDIENTE")) -> PENDIENTE | BG118: =+IF(AVANCE[[#This Row],[VENTANAS]]=8.10810810810811%,100%,AVANCE[[#This Row],[VENTANAS]]) -> 1 | BH118: =+IF(AVANCE[[#This Row],[PISO]]=N$2,100%,AVANCE[[#This Row],[PISO]]) -> 1 | BI118: =+IF(AVANCE[[#This Row],[TABIQUES]]=O$2,100%,AVANCE[[#This Row],[TABIQUES]]) -> 1 | BJ118: =+IF(AVANCE[[#This Row],[MUROS]]=P$2,100%,AVANCE[[#This Row],[MUROS]]) -> 1 | BK118: =+IF(AVANCE[[#This Row],[CIELO]]=Q$2,100%,AVANCE[[#This Row],[CIELO]]) -> 1 | BL118: =+IF(AVANCE[[#This Row],[BALCÓN]]=R$2,100%,AVANCE[[#This Row],[BALCÓN]]) -> 1 | BM118: =+IF(AVANCE[[#This Row],[RED ALCANTARILLADO]]=U$2,100%,AVANCE[[#This Row],[RED ALCANTARILLADO]]) -> 1 | BN118: =+IF(AVANCE[[#This Row],[RED DE AGUA]]=V$2,100%,AVANCE[[#This Row],[RED DE AGUA]]) -> 1 | BO118: =+IF(AVANCE[[#This Row],[VENTILACIONES]]=W$2,100%,AVANCE[[#This Row],[VENTILACIONES]]) -> 1 | BP118: =+IF(AVANCE[[#This Row],[TINA]]=X$2,100%,AVANCE[[#This Row],[TINA]]) -> 1 | BQ118: =+IF(AVANCE[[#This Row],[WC]]=Y$2,100%,AVANCE[[#This Row],[WC]]) -> 1 | BR118: =+IF(AVANCE[[#This Row],[LAVAMANOS / LAVAPLATOS / LAVADERO]]=Z$2,100%,AVANCE[[#This Row],[LAVAMANOS / LAVAPLATOS / LAVADERO]]) -> 1 | BS118: =+IF(AVANCE[[#This Row],[CANALIZACIÓN]]=AC$2,100%,AVANCE[[#This Row],[CANALIZACIÓN]]) -> 1 | BT118: =+IF(AVANCE[[#This Row],[CABLEADO]]=AD$2,100%,AVANCE[[#This Row],[CABLEADO]]) -> 0 | BU118: =+IF(AVANCE[[#This Row],[ARTEFACTOS]]=AE$2,100%,AVANCE[[#This Row],[ARTEFACTOS]]) -> 0 | BV118: =+IF(AVANCE[[#This Row],[TABLERO]]=AF$2,100%,AVANCE[[#This Row],[TABLERO]]) -> 1 | BW118: =+IF(AVANCE[[#This Row],[CAJA PAU]]=AG$2,100%,AVANCE[[#This Row],[CAJA PAU]]) -> 1 | BX118: =+IF(AVANCE[[#This Row],[INSTALACION VINILICO]]=AJ$2,100%,AVANCE[[#This Row],[INSTALACION VINILICO]]) -> 1 | BY118: =+IF(AVANCE[[#This Row],[OSB CUBIERTA]]=AK$2,100%,AVANCE[[#This Row],[OSB CUBIERTA]]) -> 1 | BZ118: =+IF(AVANCE[[#This Row],[BARANDA BALCON]]=AL$2,100%,AVANCE[[#This Row],[BARANDA BALCON]]) -> 1 | CA118: =+IF(AVANCE[[#This Row],[OSB EXTERIOR]]=AM$2,100%,AVANCE[[#This Row],[OSB EXTERIOR]]) -> 1 | CB118: =+IF(AVANCE[[#This Row],[SMART PANEL]]=AN$2,100%,AVANCE[[#This Row],[SMART PANEL]]) -> 1 | CC118: =+IF(AVANCE[[#This Row],[PINTURA EXTERIOR]]=AO$2,100%,AVANCE[[#This Row],[PINTURA EXTERIOR]]) -> 1 | CD118: =+IF(AVANCE[[#This Row],[ZOCALOS LOGIA]]=AP$2,100%,AVANCE[[#This Row],[ZOCALOS LOGIA]]) -> 1 | CE118: =+IF(AVANCE[[#This Row],[MOLDURAS]]=AQ$2,100%,AVANCE[[#This Row],[MOLDURAS]]) -> 1 | CF118: =+IF(AVANCE[[#This Row],[PILASTREO]]=AR$2,100%,AVANCE[[#This Row],[PILASTREO]]) -> 1 | CG118: =+IF(AVANCE[[#This Row],[CELOSIAS]]=AS$2,100%,AVANCE[[#This Row],[CELOSIAS]]) -> 1 | CH118: =+IF(AVANCE[[#This Row],[VENTANAS]]=AT$2,100%,AVANCE[[#This Row],[VENTANAS]]) -> 1 | CI118: =+IF(AVANCE[[#This Row],[PUERTAS ACCESO - LOGIA - BANO]]=AU$2,100%,AVANCE[[#This Row],[PUERTAS ACCESO - LOGIA - BANO]]) -> 1 | CJ118: =+IF(AVANCE[[#This Row],[CERRADURAS]]=AV$2,100%,AVANCE[[#This Row],[CERRADURAS]]) -> 1 | CK118: =+IF(AVANCE[[#This Row],[REVESTIMIENTO INTERIOR ZONA SECA]]=AW$2,100%,AVANCE[[#This Row],[REVESTIMIENTO INTERIOR ZONA SECA]]) -> 1 | CL118: =+IF(AVANCE[[#This Row],[REVESTIMIENTO INTERIOR ZONAS HUMEDAS]]=AX$2,100%,AVANCE[[#This Row],[REVESTIMIENTO INTERIOR ZONAS HUMEDAS]]) -> 1 | CM118: =+IF(AVANCE[[#This Row],[MEMBRANA CIELO]]=AY$2,100%,AVANCE[[#This Row],[MEMBRANA CIELO]]) -> 1 | CN118: =+IF(AVANCE[[#This Row],[LIMPIEZA FINAL]]=AZ$2,100%,AVANCE[[#This Row],[LIMPIEZA FINAL]]) -> 0 | CO118: =+IF(AVANCE[[#This Row],[PUERTAS DORMITORIO]]=BA$2,100%,AVANCE[[#This Row],[PUERTAS DORMITORIO]]) -> 1 | CP118: =+IF(AVANCE[[#This Row],[REVESTIMIENTO INTERIOR BANO]]=BB$2,100%,AVANCE[[#This Row],[REVESTIMIENTO INTERIOR BANO]]) -> 1 | CQ118: =+IF(AVANCE[[#This Row],[MUEBLE LAVAPLATOS]]=BC$2,100%,AVANCE[[#This Row],[MUEBLE LAVAPLATOS]]) -> 1 | CR118: =+IF(AVANCE[[#This Row],[IMPERMEABILIZACION BANO - COCINA LOGIA]]=BD$2,100%,AVANCE[[#This Row],[IMPERMEABILIZACION BANO - COCINA LOGIA]]) -> 1 | CS118: =+IF(AVANCE[[#This Row],[ESTADO MODULO]]="PENDIENTE",(TODAY()-AVANCE[[#This Row],[FECHA TERMINO PLANIFICADO]]),0) -> 17 | CT118: {=_xlfn.TEXTJOIN(" | ",TRUE,IF(SUMPRODUCT((BG118:CR118<1)*(PARTIDAS!$I$2:$AT$2="OBRA GRUESA"))>0,"OBRA GRUESA: "&_xlfn.TEXTJOIN(", ",TRUE,IF((BG118:CR118<1)*(PARTIDAS!$I$2:$AT$2="OBRA GRUESA"),PARTIDAS!$I$1:$AT$1,"")),""),IF(SUMPRODUCT((BG118:CR118<1)*(PARTIDAS!$I$2:$AT$2="SANITARIOS"))>0,"SANITARIOS: "&_xlfn.TEXTJOIN(", ",TRUE,IF((BG118:CR118<1)*(PARTIDAS!$I$2:$AT$2="SANITARIOS"),PARTIDAS!$I$1:$AT$1,"")),""),IF(SUMPRODUCT((BG118:CR118<1)*(PARTIDAS!$I$2:$AT$2="ELÉCTRICO"))>0,"ELÉCTRICO: "&_xlfn.TEXTJOIN(", ",TRUE,IF((BG118:CR118<1)*(PARTIDAS!$I$2:$AT$2="ELÉCTRICO"),PARTIDAS!$I$1:$AT$1,"")),""),IF(SUMPRODUCT((BG118:CR118<1)*(PARTIDAS!$I$2:$AT$2="TERMINACIONES"))>0,"TERMINACIONES: "&_xlfn.TEXTJOIN(", ",TRUE,IF((BG118:CR118<1)*(PARTIDAS!$I$2:$AT$2="TERMINACIONES"),PARTIDAS!$I$1:$AT$1,"")),""))} -> ELÉCTRICO: CABLEADO, ARTEFACTOS | TERMINACIONES: LIMPIEZA FINAL | CU118: {=_xlfn.TEXTJOIN(", ",TRUE,IF(SUMPRODUCT((BG118:CR118<1)*(PARTIDAS!$I$2:$AT$2="OBRA GRUESA"))>0,"OBRA GRUESA",""),IF(SUMPRODUCT((BG118:CR118<1)*(PARTIDAS!$I$2:$AT$2="SANITARIOS"))>0,"SANITARIOS",""),IF(SUMPRODUCT((BG118:CR118<1)*(PARTIDAS!$I$2:$AT$2="ELÉCTRICO"))>0,"ELÉCTRICO",""),IF(SUMPRODUCT((BG118:CR118<1)*(PARTIDAS!$I$2:$AT$2="TERMINACIONES"))>0,"TERMINACIONES",""))} -> ELÉCTRICO, TERMINACIONES | CV118: {=SUMPRODUCT(--(BG118:CR118<1))} -> 3
